symbol,company_name,avg_turnover_cr,sector
RATNAVEER,Ratnaveer Precision Engineering Limited,291.38,
SHADOWFAX,Shadowfax Technologies Limited,275.11,
MOREPENLAB,Morepen Laboratories Limited,260.32,
TFCILTD,Tourism Finance Corporation of India Limited,226.72,
OMNI,Omnitech Engineering Limited,154.79,
KWIL,Kwality Wall's (India) Limited,137.54,
ROLEXRINGS,Rolex Rings Limited,125.41,
KERNEX,Kernex Microsystems (India) Limited,111.63,
MOTISONS,Motisons Jewellers Limited,101.06,
MANINDS,Man Industries (India) Limited,68.26,
NELCO,NELCO Limited,66.31,
SHREEJISPG,Shreeji Shipping Global Limited,63.33,
PANAMAPET,Panama Petrochem Limited,58.57,
SEDEMAC,SEDEMAC Mechatronics Limited,53.21,
TBZ,Tribhovandas Bhimji Zaveri Limited,52.64,
RAMCOIND,Ramco Industries Limited,51.25,
MUNJALAU,Munjal Auto Industries Limited,50.7,
SOTL,Savita Oil Technologies Limited,49.84,
RPTECH,Rashi Peripherals Limited,49.39,
SJS,S.J.S. Enterprises Limited,47.67,
PNGSREVA,PNGS Reva Diamond Jewellery Limited,45.96,
MARINE,Marine Electricals (India) Limited,44.92,
RHETAN,Rhetan TMT Limited,44.8,
STYLEBAAZA,Baazar Style Retail Limited,44.62,
UNIVCABLES,Universal Cables Limited,43.88,
KOLTEPATIL,Kolte - Patil Developers Limited,42.83,
ORIENTHOT,Oriental Hotels Limited,41.76,
KSHINTL,KSH International Limited,41.51,
MOSCHIP,Moschip Technologies Limited,40.86,
MOBIKWIK,One Mobikwik Systems Limited,40.61,
RICOAUTO,Rico Auto Industries Limited,40.46,
VINCOFE,Vintage Coffee And Beverages Limited,40.42,
SBC,SBC Exports Limited,40.19,
SENORES,Senores Pharmaceuticals Limited,39.9,
UFLEX,UFLEX Limited,38.81,
ROSSTECH,Rossell Techsys Limited,37.74,
UNIMECH,Unimech Aerospace and Manufacturing Limited,36.41,
PRECWIRE,Precision Wires India Limited,36.22,
RAYMOND,Raymond Limited,35.19,
KIRIINDUS,Kiri Industries Limited,34.31,
NILKAMAL,Nilkamal Limited,33.8,
KMEW,Knowledge Marine & Engineering Works Limited,32.91,
SOLARA,Solara Active Pharma Sciences Limited,32.65,
TVSSRICHAK,TVS Srichakra Limited,31.79,
VADILALIND,Vadilal Industries Limited,31.64,
TARSONS,Tarsons Products Limited,30.31,
SUVEN,Suven Life Sciences Limited,29.21,
ORISSAMINE,The Orissa Minerals Development Company Limited,29.02,
NRBBEARING,NRB Bearing Limited,28.59,
STOVEKRAFT,Stove Kraft Limited,28.38,
KDDL,KDDL Limited,28.36,
VERANDA,Veranda Learning Solutions Limited,28.1,
YATRA,Yatra Online Limited,28.05,
SANGHVIMOV,Sanghvi Movers Limited,27.8,
POCL,Pondy Oxides & Chemicals Limited,26.96,
KPL,Kwality Pharmaceuticals Limited,26.87,
SAMBHV,Sambhv Steel Tubes Limited,25.74,
SHK,S H Kelkar and Company Limited,25.67,
SGMART,SG Mart Limited,25.16,
OMAXE,Omaxe Limited,24.82,
MARSONS,Marsons Limited,24.75,
SPORTKING,Sportking India Limited,24.69,
KRISHANA,Krishana Phoschem Limited,24.4,
KABRAEXTRU,Kabra Extrusion Technik Limited,24.38,
RISHABH,Rishabh Instruments Limited,24.09,
SURYODAY,Suryoday Small Finance Bank Limited,24.05,
VINDHYATEL,Vindhya Telelinks Limited,23.89,
TIIL,Technocraft Industries (India) Limited,23.78,
WEL,Wonder Electricals Limited,23.76,
SSWL,Steel Strips Wheels Limited,22.99,
SIRCA,Sirca Paints India Limited,22.91,
VRLLOG,VRL Logistics Limited,21.64,
RAYMONDREL,Raymond Realty Limited,21.46,
WSTCSTPAPR,West Coast Paper Mills Limited,20.97,
SEAMECLTD,Seamec Limited,20.82,
SETL,Standard Engineering Technology Limited,20.73,
SIGMAADV,SIGMA ADVANCED SYSTEMS LIMITED,20.69,
NORTHARC,Northern Arc Capital Limited,20.66,
PACEDIGITK,Pace Digitek Limited,20.54,
TRUALT,TruAlt Bioenergy Limited,20.47,
RAMCOSYS,Ramco Systems Limited,20.16,
TEMBO,Tembo Global Industries Limited,19.78,
WINDLAS,Windlas Biotech Limited,19.58,
TIMEX,Timex Group India Limited,19.08,
SGFIN,SG Finserve Limited,19.07,
NOCIL,NOCIL Limited,18.9,
MANGLMCEM,Mangalam Cement Limited,18.75,
UNIPARTS,Uniparts India Limited,18.7,
NITINSPIN,Nitin Spinners Limited,18.62,
PIXTRANS,Pix Transmissions Limited,18.53,
PREMEXPLN,Premier Explosives Limited,18.5,
STYLAMIND,Stylam Industries Limited,18.27,
MUFIN,Mufin Green Finance Limited,18.24,
SKMEGGPROD,SKM Egg Products Export (India) Limited,18.24,
TASTYBITE,Tasty Bite Eatables Limited,18.01,
MBAPL,Madhya Bharat Agro Products Limited,18.0,
MONARCH,Monarch Networth Capital Limited,17.55,
ARTEMISMED,Artemis Medicare Services Limited,17.33,
VENUSPIPES,Venus Pipes & Tubes Limited,17.26,
TCPLPACK,TCPL Packaging Limited,17.06,
ORIENTTECH,Orient Technologies Limited,16.25,
SHILCTECH,Shilchar Technologies Limited,15.68,
WALCHANNAG,Walchandnagar Industries Limited,15.53,
UNICHEMLAB,Unichem Laboratories Limited,15.22,
MMFL,MM Forgings Limited,15.16,
POLYPLEX,Polyplex Corporation Limited,15.11,
TATVA,Tatva Chintan Pharma Chem Limited,14.57,
LUMAXIND,Lumax Industries Limited,14.53,
KRISHNADEF,Krishna Defence And Allied Industries Limited,14.49,
MPSLTD,MPS Limited,14.49,
VENKEYS,Venky's (India) Limited,14.32,
KINGFA,Kingfa Science & Technology (India) Limited,14.13,
MCLOUD,Magellanic Cloud Limited,13.85,
LMW,LMW Limited,13.76,
XPROINDIA,Xpro India Limited,13.65,
RPEL,Raghav Productivity Enhancers Limited,13.39,
WANBURY,Wanbury Limited,13.29,
PRABHA,Prabha Energy Limited,13.21,
RSL,Rajputana Stainless Limited,12.97,
KIOCL,KIOCL Limited,12.74,
VISAKAIND,Visaka Industries Limited,12.71,
SATIN,Satin Creditcare Network Limited,12.7,
ORIENTELEC,Orient Electric Limited,12.37,
RADHIKAJWE,Radhika Jeweltech Limited,12.16,
MACPOWER,Macpower CNC Machines Limited,12.04,
NIBE,NIBE Limited,12.04,
PITTIENG,Pitti Engineering Limited,11.87,
LAOPALA,La Opala RG Limited,11.82,
KPEL,K.P. Energy Limited,11.76,
PGHL,Procter & Gamble Health Limited,11.55,
SULA,Sula Vineyards Limited,11.43,
PAUSHAKLTD,Paushak Limited,11.42,
NACLIND,NACL Industries Limited,11.06,
PARACABLES,Paramount Communications Limited,11.04,
NEPHROPLUS,Nephrocare Health Services Limited,10.99,
SAKAR,Sakar Healthcare Limited,10.91,
TIRUMALCHM,Thirumalai Chemicals Limited,10.83,
MANALIPETC,Manali Petrochemicals Limited,10.49,
SUMEETINDS,Sumeet Industries Limited,10.39,
ZOTA,Zota Health Care LImited,10.31,
PATELENG,Patel Engineering Limited,10.3,
SAKSOFT,Saksoft Limited,10.3,
WONDERLA,Wonderla Holidays Limited,10.25,
POKARNA,Pokarna Limited,10.15,
SURAKSHA,Suraksha Diagnostic Limited,10.1,
SUBEXLTD,Subex Limited,10.02,
PSPPROJECT,PSP Projects Limited,10.0,
MAYURUNIQ,Mayur Uniquoters Ltd,9.81,
PVP,PVP Ventures Limited,9.77,
MAHLOG,Mahindra Logistics Limited,9.56,
SYNCOMF,Syncom Formulations (India) Limited,9.46,
TALBROAUTO,Talbros Automotive Components Limited,9.46,
SPAL,S. P. Apparels Limited,9.29,
MANCREDIT,Mangal Credit and Fincorp Limited,9.25,
SEPC,SEPC Limited,9.25,
TINNARUBR,Tinna Rubber and Infrastructure Limited,8.88,
SUPRAJIT,Suprajit Engineering Limited,8.87,
KROSS,Kross Limited,8.86,
SANOFI,Sanofi India Limited,8.85,
VINATIORGA,Vinati Organics Limited,8.8,
RSYSTEMS,R Systems International Limited,8.72,
SUNFLAG,Sunflag Iron And Steel Company Limited,8.6,
VSSL,Vardhman Special Steels Limited,8.51,
RAJRATAN,Rajratan Global Wire Limited,8.48,
WINDMACHIN,Windsor Machines Limited,8.4,
TVSHLTD,TVS Holdings Limited,8.25,
ORCHPHARMA,Orchid Pharma Limited,7.87,
RACLGEAR,RACL Geartech Limited,7.87,
PRAKASH,Prakash Industries Limited,7.71,
JUBLCPL,Jubilant Agri and Consumer Products Limited,7.55,
ONEPOINT,One Point One Solutions Limited,7.47,
UDS,Updater Services Limited,7.4,
PRINCEPIPE,Prince Pipes And Fittings Limited,7.31,
KIRLFER,Kirloskar Ferrous Industries Limited,7.19,
TCIEXP,TCI Express Limited,7.17,
SAIPARENT,Sai Parenterals Limited,7.14,
JUNIPER,Juniper Hotels Limited,7.12,
PANACEABIO,Panacea Biotec Limited,7.01,
RML,Rane (Madras) Limited,7.01,
VISHNU,Vishnu Chemicals Limited,6.94,
PYRAMID,Pyramid Technoplast Limited,6.8,
SOLARWORLD,Solarworld Energy Solutions Limited,6.76,
MAXESTATES,Max Estates Limited,6.61,
NPST,Network People Services Technologies Limited,6.61,
SYMPHONY,Symphony Limited,6.46,
MANAKCOAT,Manaksia Coated Metals & Industries Limited,6.44,
WENDT,Wendt (India) Limited,6.38,
PREMIERPOL,Premier Polyfilm Limited,6.26,
MWL,Mangalam Worldwide Limited,6.25,
NITCO,Nitco Limited,6.25,
PENIND,Pennar Industries Limited,6.18,
ZEEMEDIA,Zee Media Corporation Limited,6.17,
KECL,Kirloskar Electric Company Limited,6.1,
SIGACHI,Sigachi Industries Limited,6.02,
MATRIMONY,Matrimony.Com Limited,5.96,
ULTRAMAR,Ultramarine & Pigments Limited,5.9,
SHANTIGEAR,Shanthi Gears Limited,5.88,
RITCO,Ritco Logistics Limited,5.81,
SERVOTECH,Servotech Renewable Power System Limited,5.76,
SMCGLOBAL,SMC Global Securities Limited,5.49,
UGROCAP,Ugro Capital Limited,5.48,
VSTTILLERS,V.S.T Tillers Tractors Limited,5.47,
UTKARSHBNK,Utkarsh Small Finance Bank Limited,5.43,
SDBL,Som Distilleries & Breweries Limited,5.4,
METROBRAND,Metro Brands Limited,5.26,
INDOSTAR,IndoStar Capital Finance Limited,5.22,
VSTIND,VST Industries Limited,5.2,
SASKEN,Sasken Technologies Limited,5.19,
SPANDANA,Spandana Sphoorty Financial Limited,5.19,
SEIL,Shanti Educational Initiatives Limited,5.17,
LINCOLN,Lincoln Pharmaceuticals Limited,5.12,
STEELCAS,Steelcast Limited,5.06,
MASFIN,MAS Financial Services Limited,4.99,
KAPSTON,Kapston Services Limited,4.77,
THOMASCOTT,Thomas Scott (India) Limited,4.7,
MAGADSUGAR,Magadh Sugar & Energy Limited,4.68,
MMP,MMP Industries Limited,4.66,
RPGLIFE,RPG Life Sciences Limited,4.63,
PROSTARM,Prostarm Info Systems Limited,4.61,
PDSL,PDS Limited,4.59,
ICICIB22,,4.55,
SRM,SRM Contractors Limited,4.54,
ROSSARI,Rossari Biotech Limited,4.45,
RANEHOLDIN,Rane Holdings Limited,4.37,
UGARSUGAR,The Ugar Sugar Works Limited,4.36,
SALSTEEL,S.A.L. Steel Limited,4.35,
KSL,Kalyani Steels Limited,4.27,
UNIECOM,Unicommerce Esolutions Limited,4.26,
TTKHLTCARE,TTK Healthcare Limited,4.24,
RMC,RMC Switchgears Limited,4.21,
REPCOHOME,Repco Home Finance Limited,4.2,
SIYSIL,Siyaram Silk Mills Limited,4.1,
TEAMLEASE,Teamlease Services Limited,4.1,
TAJGVK,Taj GVK Hotels & Resorts Limited,4.06,
WAAREEINDO,Indosolar Limited,4.01,
SHRIRAMPPS,Shriram Properties Limited,3.92,
SAURASHCEM,Saurashtra Cement Limited,3.84,
SIGMA,Sigma Solve Limited,3.82,
JTEKTINDIA,Jtekt India Limited,3.8,
SALZERELEC,Salzer Electronics Limited,3.79,
KIRLOSIND,Kirloskar Industries Limited,3.75,
WELSPLSOL,Welspun Specialty Solutions Limited,3.73,
KKCL,Kewal Kiran Clothing Limited,3.71,
MANBA,Manba Finance Limited,3.67,
KCP,KCP Limited,3.64,
TNPL,Tamil Nadu Newsprint & Papers Limited,3.64,
MAITHANALL,Maithan Alloys Limited,3.61,
MAMATA,Mamata Machinery Limited,3.57,
NIITMTS,NIIT Learning Systems Limited,3.55,
REGAAL,Regaal Resources Limited,3.55,
TCI,Transport Corporation of India Limited,3.52,
RELTD,Ravindra Energy Limited,3.45,
ROTO,Roto Pumps Limited,3.45,
KOVAI,Kovai Medical Center & Hospital Limited,3.42,
NAVNETEDUL,Navneet Education Limited,3.41,
NIITLTD,NIIT Limited,3.38,
TAALTECH,Taal Tech Limited,3.36,
PONNIERODE,Ponni Sugars (Erode) Limited,3.33,
SPMLINFRA,SPML Infra Limited,3.32,
SHANKARA,Shankara Building Products Limited,3.3,
SOLEX,Solex Energy Limited,3.28,
MODIS,Modis Navnirman Limited,3.13,
MSPL,MSP Steel & Power Limited,3.13,
SANATHAN,Sanathan Textiles Limited,3.1,
NELCAST,Nelcast Limited,3.07,
VPRPL,Vishnu Prakash R Punglia Limited,3.05,
MARATHON,Marathon Nextgen Realty Limited,2.99,
LAXMIDENTL,Laxmi Dental Limited,2.95,
RPSGVENT,RPSG VENTURES LIMITED,2.93,
SIKA,Sika Interplant Systems Limited,2.93,
NAVKARCORP,Navkar Corporation Limited,2.86,
SIGNPOST,Signpost India Limited,2.86,
THEJO,Thejo Engineering Limited,2.86,
NOVARTIND,Novartis India Limited,2.84,
TVSELECT,TVS Electronics Limited,2.82,
VEEDOL,Veedol Corporation Limited,2.81,
VESUVIUS,Vesuvius India Limited,2.79,
MARKOLINES,Markolines Pavement Technologies Limited,2.67,
PRAVEG,Praveg Limited,2.64,
STUDDS,Studds Accessories Limited,2.64,
PAKKA,PAKKA LIMITED,2.61,
SHAH,Shah Metacorp Limited,2.6,
MANOMAY,Manomay Tex India Limited,2.55,
MEDICO,Medico Remedies Limited,2.54,
SINGERIND,Singer India Limited,2.52,
PUNJABCHEM,Punjab Chemicals & Crop Protection Limited,2.48,
TAKE,TAKE Limited,2.47,
VIDHIING,Vidhi Specialty Food Ingredients Limited,2.46,
KANPRPLA,Kanpur Plastipack Limited,2.44,
WPIL,WPIL Limited,2.44,
STLNETWORK,STL Networks Limited,2.43,
SIMPLEXINF,Simplex Infrastructures Limited,2.36,
SWARAJENG,Swaraj Engines Limited,2.33,
LAXMIINDIA,Laxmi India Finance Limited,2.32,
SURAJEST,Suraj Estate Developers Limited,2.26,
MIDWESTLTD,Midwest Limited,2.25,
MAXIND,Max India Limited,2.24,
GANGAFORGE,Ganga Forging Limited,2.16,
SHOPERSTOP,Shoppers Stop Limited,2.06,
OMAXAUTO,Omax Autos Limited,2.02,
PNBGILTS,PNB Gilts Limited,2.02,
RPPINFRA,R.P.P. Infra Projects Limited,2.02,
NAHARSPING,Nahar Spinning Mills Limited,1.98,
ONWARDTEC,Onward Technologies Limited,1.98,
KAYA,Kaya Limited,1.97,
KELLTONTEC,Kellton Tech Solutions Limited,1.96,
SHINDL,Sharat Industries Limited,1.96,
SUNDROP,Sundrop Brands Limited,1.95,
PDMJEPAPER,Pudumjee Paper Products Limited,1.94,
KOTHARIPET,Kothari Petrochemicals Limited,1.92,
SWELECTES,Swelect Energy Systems Limited,1.91,
STEELXIND,STEEL EXCHANGE INDIA LIMITED,1.88,
STANLEY,Stanley Lifestyles Limited,1.84,
OMPOWER,Om Power Transmission Limited,1.82,
RESPONIND,Responsive Industries Limited,1.8,
RUSHIL,Rushil Decor Limited,1.79,
PRECAM,Precision Camshafts Limited,1.76,
YUKEN,Yuken India Limited,1.72,
SPIC,Southern Petrochemicals Industries Corporation  Limited,1.71,
MUKKA,Mukka Proteins Limited,1.69,
PLATIND,Platinum Industries Limited,1.69,
ZUARIIND,ZUARI INDUSTRIES LIMITED,1.68,
SUNCLAY,Sundaram Clayton Limited,1.67,
KHAICHEM,Khaitan Chemicals & Fertilizers Limited,1.65,
KRISHIVAL,Krishival Foods Limited,1.64,
PFS,PTC India Financial Services Limited,1.63,
ELPROINTL,Elpro International Limited,1.58,
SINDHUTRAD,Sindhu Trade Links Limited,1.52,
NITTAGELA,Nitta Gelatin India Limited,1.49,
TEXINFRA,Texmaco Infrastructure & Holdings Limited,1.47,
KUANTUM,Kuantum Papers Limited,1.44,
KMSUGAR,K.M.Sugar Mills Limited,1.4,
OMINFRAL,OM INFRA LIMITED,1.4,
RAMKY,Ramky Infrastructure Limited,1.4,
SANGAMIND,Sangam (India) Limited,1.4,
VENTIVE,Ventive Hospitality Limited,1.4,
PARKHOTELS,Apeejay Surrendra Park Hotels Limited,1.38,
SAHYADRI,Sahyadri Industries Limited,1.37,
VASCONEQ,Vascon Engineers Limited,1.37,
KAMAHOLD,Kama Holdings Limited,1.35,
SUPREMEINF,Supreme Infrastructure India Limited,1.28,
PRIMESECU,Prime Securities Limited,1.27,
SICAGEN,Sicagen India Limited,1.27,
SILGO,Silgo Retail Limited,1.27,
MCLEODRUSS,Mcleod Russel India Limited,1.26,
TCC,TCC Concept Limited,1.26,
SNOWMAN,Snowman Logistics Limited,1.25,
NILE,Nile Limited,1.18,
RBZJEWEL,RBZ Jewellers Limited,1.15,
NRAIL,N R Agarwal Industries Limited,1.11,
TERASOFT,Tera Software Limited,1.1,
THEMISMED,Themis Medicare Limited,1.09,
KOHINOOR,Kohinoor Foods Limited,1.07,
SHALBY,Shalby Limited,1.06,
OAL,Oriental Aromatics Limited,1.05,
TPLPLASTEH,TPL Plastech Limited,1.05,
TIPSFILMS,Tips Films Limited,1.04,
MEIL,Mangal Electrical Industries Limited,1.03,
PILANIINVS,Pilani Investment and Industries Corporation Limited,1.03,
LIKHITHA,Likhitha Infrastructure Limited,1.02,
REPRO,Repro India Limited,1.02,
TARACHAND,Tara Chand InfraLogistic Solutions Limited,0.98,
NILASPACES,Nila Spaces Limited,0.96,
MANAKSTEEL,Manaksia Steels Limited,0.95,
REMSONSIND,Remsons Industries Limited,0.93,
KSOLVES,Ksolves India Limited,0.92,
MAANALU,Maan Aluminium Limited,0.92,
ORIENTBELL,Orient Bell Limited,0.9,
PASHUPATI,Pashupati Cotspin Limited,0.89,
SANDESH,The Sandesh Limited,0.89,
URJA,Urja Global Limited,0.89,
SCILAL,Shipping Corporation of India Land and Assets Limited,0.88,
TIGERLOGS,Tiger Logistics (India) Limited,0.88,
RANASUG,Rana Sugars Limited,0.87,
SUDARCOLOR,Sudarshan Colorants India Limited,0.87,
UEL,Ujaas Energy Limited,0.87,
FELIX-SM,,0.87,
PIGL,Power & Instrumentation (Gujarat) Limited,0.86,
PRECOT,Precot Limited,0.85,
ROHLTD,Royal Orchid Hotels Limited,0.84,
VALIANTLAB,Valiant Laboratories Limited,0.83,
SAGCEM,Sagar Cements Limited,0.82,
MANAKALUCO,Manaksia Aluminium Company Limited,0.81,
SGBSEP28VI-GB,,0.81,
MINDTECK,Mindteck (India) Limited,0.8,
RELIABLE,Reliable Data Services Limited,0.8,
XCHANGING,Xchanging Solutions Limited,0.8,
KICL,Kalyani Investment Company Limited,0.79,
NATIONSTD,National Standard (India) Limited,0.79,
NCLIND,NCL Industries Limited,0.79,
TREJHARA,TREJHARA SOLUTIONS LIMITED,0.78,
SGIL,Synergy Green Industries Limited,0.77,
PVSL,Popular Vehicles and Services Limited,0.76,
SONAMLTD,SONAM LIMITED,0.76,
DISAQ,Disa India Limited,0.71,
RUDRA,Rudra Global Infra Products Limited,0.7,
PRIMO,Primo Chemicals Limited,0.69,
SUMMITSEC,Summit Securities Limited,0.67,
SBIETFPB,,0.66,
SEJALLTD,Sejal Glass Limited,0.65,
NDTV,New Delhi Television Limited,0.63,
MANORG,Mangalam Organics Limited,0.62,
LANCORHOL,Lancor Holdings Limited,0.61,
MAFATIND,Mafatlal Industries Limited,0.61,
OSWALGREEN,Oswal Greentech Limited,0.61,
RKSWAMY,R K Swamy Limited,0.61,
ZIMLAB,Zim Laboratories Limited,0.61,
KOTARISUG,Kothari Sugars And Chemicals Limited,0.6,
SARLAPOLY,Sarla Performance Fibers Limited,0.6,
MIRZAINT,Mirza International Limited,0.59,
ORICONENT,Oricon Enterprises Limited,0.59,
TECHNVISN,TechNVision Ventures Limited,0.59,
SBIETFIT,,0.59,
MUTHOOTCAP,Muthoot Capital Services Limited,0.57,
ZODIAC,Zodiac Energy Limited,0.57,
SSDL,Saraswati Saree Depot Limited,0.56,
SOMICONVEY,Somi Conveyor Beltings Limited,0.55,
STCINDIA,The State Trading Corporation of India Limited,0.55,
VAKRANGEE,Vakrangee Limited,0.55,
MOGSEC,,0.55,
ESSENTIA,Integra Essentia Limited,0.54,
ORIENTPPR,Orient Paper & Industries Limited,0.54,
NIRLON,Nirlon Limited,0.53,
SCHAND,S Chand And Company Limited,0.52,
SHREDIGCEM,Shree Digvijay Cement Co.Ltd,0.52,
RADIANTCMS,Radiant Cash Management Services Limited,0.48,
WORTHPERI,Worth Peripherals Limited,0.48,
WSI,W S Industries (I) Limited,0.48,
KOKUYOCMLN,Kokuyo Camlin Limited,0.47,
RAMAPHO,Rama Phosphates Limited,0.46,
SREEL,Sreeleathers Limited,0.46,
KALYANIFRG,Kalyani Forge Limited,0.44,
FILATFASH,Filatex Fashions Limited,0.43,
KNAGRI,KN Agri Resources Limited,0.43,
MEDICAMEQ,Medicamen Biotech Limited,0.43,
RUCHIRA,Ruchira Papers Limited,0.43,
TARMAT,Tarmat Limited,0.43,
VMSTMT,VMS TMT Limited,0.43,
KSHITIJPOL,Kshitij Polyline Limited,0.42,
LGHL,Laxmi Goldorna House Limited,0.41,
LORDSCHLO,Lords Chloro Alkali Limited,0.41,
RAJSREESUG,Rajshree Sugars & Chemicals Limited,0.41,
SARVESHWAR,Sarveshwar Foods Limited,0.41,
OSWALSEEDS,ShreeOswal Seeds And Chemicals Limited,0.4,
SUKHJITS,Sukhjit Starch & Chemicals Limited,0.4,
MCL,M TEK COPPER LIMITED,0.39,
TOLINS,Tolins Tyres Limited,0.39,
TVTODAY,TV Today Network Limited,0.39,
VLSFINANCE,VLS Finance Limited,0.39,
ZFSTEERING,ZF Steering Gear (India) Limited,0.38,
SHAHALLOYS,Shah Alloys Limited,0.37,
TREL,Transindia Real Estate Limited,0.37,
ORIENTCER,ORIENT CERATECH LIMITED,0.35,
VHL,Vardhman Holdings Limited,0.35,
NATHBIOGEN,Nath Bio-Genes (India) Limited,0.33,
PLAZACABLE,Plaza Wires Limited,0.33,
TRACXN,Tracxn Technologies Limited,0.33,
SGBOC28VII-GB,,0.33,
NAGREEKEXP,Nagreeka Exports Limited,0.32,
STEELCITY,Steel City Securities Limited,0.32,
SADBHAV,Sadbhav Engineering Limited,0.3,
SURANASOL,Surana Solar Limited,0.3,
VINEETLAB,Vineet Laboratories Limited,0.3,
MADRASFERT,Madras Fertilizers Limited,0.29,
MAHEPC,Mahindra EPC Irrigation Limited,0.28,
PANSARI,Pansari Developers Limited,0.28,
TOTAL,Total Transport Systems Limited,0.28,
NDL,Nandan Denim Limited,0.27,
UNITEDPOLY,United Polyfab Gujarat Limited,0.27,
ZSARACOM,Saraswati Commercial India Limited,0.27,
LINC,Linc Limited,0.26,
SPCENET,Spacenet Enterprises India Limited,0.26,
UFO,UFO Moviez India Limited,0.26,
VIKASLIFE,Vikas Lifecare Limited,0.26,
VISHWARAJ,Vishwaraj Sugar Industries Limited,0.26,
KRITINUT,Kriti Nutrients Limited,0.25,
NIMBSPROJ,Nimbus Projects Limited,0.25,
VRAJ,Vraj Iron and Steel Limited,0.25,
NBIFIN,N. B. I. Industrial Finance Company Limited,0.24,
868NHB29-N3,,0.24,
OSWALAGRO,Oswal Agro Mills Limited,0.23,
SRGHFL,SRG Housing Finance Limited,0.23,
NAHARCAP,Nahar Capital and Financial Services Limited,0.22,
LANDSMILL,Landsmill Green Limited,0.21,
MOHITIND,Mohit Industries Limited,0.21,
VIKASECO,Vikas EcoTech Limited,0.21,
RNBDENIMS,R&B Denims Limited,0.2,
STARTECK,Starteck Finance Limited,0.2,
WEALTH,Wealth First Portfolio Managers Limited,0.2,
ELCIDIN,EL CID Investments Limited,0.19,
KRITI,Kriti Industries (India) Limited,0.19,
LATTEYS,Latteys Industries Limited,0.19,
NECLIFE,Nectar Lifesciences Limited,0.19,
PAVNAIND,Pavna Industries Limited,0.19,
SINCLAIR,Sinclairs Hotels Limited,0.19,
STEL,Stel Holdings Limited,0.19,
SUMIT,Sumit Woods Limited,0.19,
TEXMOPIPES,Texmo Pipes and Products Limited,0.19,
OMFURN-SM,,0.19,
SGBN28VIII-GB,,0.19,
MODTHREAD,Modern Threads (India) Limited,0.18,
NIRAJ,Niraj Cement Structurals Limited,0.18,
SOFTTECH,Softtech Engineers Limited,0.18,
VARDMNPOLY,Vardhman Polytex Limited,0.18,
ROSSELLIND,Rossell India Limited,0.17,
STARPAPER,Star Paper Mills Limited,0.17,
VASWANI,Vaswani Industries Limited,0.17,
KOTIC,Kothari Industrial Corporation Limited,0.16,
LAL,Lorenzini Apparels Limited,0.16,
LOTUSEYE,Lotus Eye Hospital and Institute Limited,0.16,
SPENCERS,Spencer's Retail Limited,0.16,
SUPREME,Supreme Holdings & Hospitality (India) Limited,0.16,
VSTL,Vibhor Steel Tubes Limited,0.16,
SRD,Shankar Lal Rampal Dye-Chem Limited,0.15,
TEAMGTY,Team India Guaranty Limited,0.15,
VAISHALI,Vaishali Pharma Limited,0.15,
NILAINFRA,Nila Infrastructures Limited,0.14,
PODDARMENT,Poddar Pigments Limited,0.14,
PTL,PTL Enterprises Limited,0.14,
SURANAT&P,Surana Telecom and Power Limited,0.14,
TTL,T T Limited,0.14,
VGL,VARVEE GLOBAL LIMITED,0.14,
MEGASTAR,Megastar Foods Limited,0.13,
METROGLOBL,Metroglobal Limited,0.13,
PRAXIS,Praxis Home Retail Limited,0.13,
SUNDARAM,Sundaram Multi Pap Limited,0.13,
KAMOPAINTS,Kamdhenu Ventures Limited,0.12,
MANAKSIA,Manaksia Limited,0.12,
MARALOVER,Maral Overseas Limited,0.12,
RACE,Race Eco Chain Limited,0.12,
RAJPALAYAM,Rajapalayam Mills Limited,0.12,
SILINV,SIL Investments Limited,0.12,
SINTERCOM,Sintercom India Limited,0.12,
SURYALA,Suryalata Spinning Mills Limited,0.12,
TIJARIA,Tijaria Polypipes Limited,0.12,
875NHAI29-N6,,0.12,
ESG,,0.12,
NIBL,NRB Industrial Bearings Limited,0.11,
PAR,Par Drugs And Chemicals Limited,0.11,
REGENCERAM,Regency Ceramics Limited,0.11,
SAHLIBHFI,Shalibhadra Finance Limited,0.11,
SOMATEX,Soma Textiles & Industries Limited,0.11,
HEXATRADEX,Hexa Tradex Limited,0.1,
MADHAVIPL,Madhav Infra Projects Limited,0.1,
MMWL,Media Matrix Worldwide Limited,0.1,
MONEYBOXX,Moneyboxx Finance Limited,0.1,
PKTEA,The Peria Karamalai Tea & Produce Company Limited,0.1,
RKEC,RKEC Projects Limited,0.1,
SUPERHOUSE,Superhouse Limited,0.1,
TARAPUR,Tarapur Transformers Limited,0.1,
UNITEDTEA,The United Nilgiri Tea Estates Company Limited,0.1,
VIPCLOTHNG,VIP Clothing Limited,0.1,
AISL-SM,,0.1,
NDGL,Naga Dhunseri Group Limited,0.09,
PARASPETRO,Paras Petrofils Limited,0.09,
PRAENG,Prajay Engineers Syndicate Limited,0.09,
840IRFC29-N8,,0.09,
MALUPAPER,Malu Paper Mills Limited,0.08,
MOKSH,Moksh Ornaments Limited,0.08,
SHIVATEX,Shiva Texyarn Limited,0.08,
SHRADHA,Shradha Realty Limited,0.08,
SHREYANIND,Shreyans Industries Limited,0.08,
VIRINCHI,Virinchi Limited,0.08,
XELPMOC,Xelpmoc Design And Tech Limited,0.08,
865IRFC29-NA,,0.08,
KOTHARIPRO,Kothari Products Limited,0.07,
MAGNUM,Magnum Ventures Limited,0.07,
NITIRAJ,Nitiraj Engineers Limited,0.07,
RAJMET,Rajnandini Metal Limited,0.07,
RAJTV,Raj Television Network Limited,0.07,
RSSOFTWARE,R. S. Software (India) Limited,0.07,
RVTH,Revathi Equipment India Limited,0.07,
SURAJLTD,Suraj Limited,0.07,
MANGALAM,Mangalam Drugs And Organics Limited,0.06,
MBLINFRA,MBL Infrastructure Limited,0.06,
MODIRUBBER,Modi Rubber Limited,0.06,
ORCHASP,Orchasp Limited,0.06,
PIONEEREMB,Pioneer Embroideries Limited,0.06,
RELCHEMQ,Reliance Chemotex Industries Limited,0.06,
RHL,Robust Hotels Limited,0.06,
SHBAJRG,Shri Bajrang Alliance Limited,0.06,
THEINVEST,The Investment Trust Of India Limited,0.06,
UNIENTER,Uniphos Enterprises Limited,0.06,
GOLDSTAR-SM,,0.06,
850NHAI29-N5,,0.06,
GAYAHWS,Gayatri Highways Limited,0.05,
KANCHI,Kanchi Karpooram Limited,0.05,
KSR,KSR Footwear Limited,0.05,
LAXMICOT,Laxmi Cotspin Limited,0.05,
MURUDCERA,Murudeshwar Ceramics Limited,0.05,
PILITA,PIL ITALICA LIFESTYLE LIMITED,0.05,
RADIOCITY,Music Broadcast Limited,0.05,
SMLT,Sarthak Metals Limited,0.05,
TGBHOTELS,TGB Banquets And Hotels Limited,0.05,
USK,Udayshivakumar Infra Limited,0.05,
KAKATCEM,Kakatiya Cement Sugar & Industries Limited,0.04,
KEYFINSERV,Keynote Financial Services Limited,0.04,
LFIC,Lakshmi Finance & Industrial Corporation Limited,0.04,
MITTAL,Mittal Life Style Limited,0.04,
MKPL,M K Proteins Limited,0.04,
PRAKASHSTL,Prakash Steelage Limited,0.04,
RRIL,RRIL Limited,0.04,
RVHL,Ravinder Heights Limited,0.04,
SAMPANN,Sampann Utpadan India Limited,0.04,
SAPPL,Shree Ajit Pulp & Paper Limited,0.04,
SBGLP,Suratwwala Business Group Limited,0.04,
TECILCHEM,TECIL Chemicals and Hydro Power Limited,0.04,
WIPL,The Western India Plywoods Limited,0.04,
ZENITHSTL,Zenith Steel Pipes & Industries Limited,0.04,
667GS2050-GS,,0.04,
893NHB29-N6,,0.04,
AGRITECH,Agri-Tech (India) Limited,0.03,
GRANDOAK,Grand Oak Canyons Distillery Limited,0.03,
KARMAENG,Karma Energy Limited,0.03,
KIRANVYPAR,Kiran Vyapar Limited,0.03,
KREBSBIO,Krebs Biochemicals and Industries Limited,0.03,
LAHOTIOV,Lahoti Overseas Limited,0.03,
LCCINFOTEC,LCC Infotech Limited,0.03,
LIBAS,Libas Consumer Products Limited,0.03,
LOYALTEX,Loyal Textile Mills Limited,0.03,
ORIENTALTL,Oriental Trimex Limited,0.03,
ORTINGLOBE,ORTIN GLOBAL LIMITED,0.03,
QUINT,Quint Digital Limited,0.03,
SECMARK,SecMark Consultancy Limited,0.03,
SECURKLOUD,SECUREKLOUD TECHNOLOGIES LIMITED,0.03,
SHANTI,Shanti Overseas (India) Limited,0.03,
SILLYMONKS,Silly Monks Entertainment Limited,0.03,
ZODIACLOTH,Zodiac Clothing Company Limited,0.03,
94SFL28-YL,,0.03,
880IREDA29-N5,,0.03,
3PLAND,3P Land Holdings Limited,0.02,
BOHRAIND,Bohra Industries Limited,0.02,
GUJRAFFIA,Gujarat Raffia Industries Limited,0.02,
HBESD,HB Estate Developers Limited,0.02,
HEADSUP,Heads UP Ventures Limited,0.02,
KANANIIND,Kanani Industries Limited,0.02,
LEXUS,Lexus Granito (India) Limited,0.02,
MCCHRLS-B,Mac Charles India Limited,0.02,
NEAGI,Neelamalai Agro Industries Limited,0.02,
ODIGMA,Odigma Consultancy Solutions Limited,0.02,
PALASHSECU,Palash Securities Limited,0.02,
PML,Paul Merchants Limited,0.02,
PNC,Pritish Nandy Communications Limited,0.02,
RADAAN,Radaan Mediaworks India Limited,0.02,
RKDL,Ravi Kumar Distilleries Limited,0.02,
RUCHINFRA,Ruchi Infrastructure Limited,0.02,
SAGARDEEP,Sagardeep Alloys Limited,0.02,
SAMBHAAV,Sambhaav Media Limited,0.02,
SEMAC,Semac Construction Limited,0.02,
SHIVAMILLS,Shiva Mills Limited,0.02,
SPLIL,SPL Industries Limited,0.02,
TNTELE,Tamilnadu Telecommunication Limited,0.02,
TOUCHWOOD,Touchwood Entertainment Limited,0.02,
UMESLTD,Usha Martin Education & Solutions Limited,0.02,
PULZ-SM,,0.02,
PARAMPARA-SM,,0.02,
855IREDA34-N3,,0.02,
MHHL-SM,,0.02,
890NHB34-N7,,0.02,
ADL,Archidply Decor Limited,0.01,
ASTAR,Asian Star Company Limited,0.01,
CREATIVEYE,Creative Eye Limited,0.01,
DCMFINSERV,DCM Financial Services Limited,0.01,
GRAVISSHO,Graviss Hospitality Limited,0.01,
INFOMEDIA,Infomedia Press Limited,0.01,
KEEPLEARN,DSJ Keep Learning Limited,0.01,
MADHAV,Madhav Marbles and Granites Limited,0.01,
MERCANTILE,Mercantile Ventures Limited,0.01,
MFML,Mahalaxmi Fabric Mills Limited,0.01,
NAGREEKCAP,Nagreeka Capital & Infrastructure Limited,0.01,
NORBTEAEXP,Norben Tea & Exports Limited,0.01,
PEARLPOLY,Pearl Polymers Limited,0.01,
ROML,Raj Oil Mills Limited,0.01,
SAYAJIHOTL,Sayaji Hotels Limited,0.01,
SGL,STL Global Limited,0.01,
SHYAMTEL,Shyam Telecom Limited,0.01,
SVPGLOB,SVP GLOBAL TEXTILES LIMITED,0.01,
TFL,Transwarranty Finance Limited,0.01,
TOKYOPLAST,Tokyo Plast International Limited,0.01,
VIVIDHA,Visagar Polytex Limited,0.01,
WEWIN,WE WIN LIMITED,0.01,
WILLAMAGOR,Williamson Magor & Company Limited,0.01,
SANWARIA-BZ,,0.01,
903SFL28-YI,,0.01,
622GS2035-GS,,0.01,
585GS2030-GS,,0.01,
855IREDA29-N2,,0.01,
880IREDA34-N6,,0.01,
865NHB34-N4,,0.01,
ASHIKA,,0.0,
BLUECHIP,Blue Chip India Limited,0.0,
CIGNITITEC,,0.0,
GSPL,,0.0,
GUJGASLTD,,0.0,
KHANDSE,Khandwala Securities Limited,0.0,
LYPSAGEMS,,0.0,
MAHAPE-RE,,0.0,
MASKINVEST,Mask Investments Limited,0.0,
MIRCELECTR,,0.0,
NEXTMEDIA,Next Mediaworks Limited,0.0,
NIRAJISPAT,Niraj Ispat Industries Limited,0.0,
OMKARCHEM,,0.0,
SANCO,,0.0,
SASTASUNDR,,0.0,
SHRIKRISH,Shri Krishna Devcon Limited,0.0,
UNIINFO,Uniinfo Telecom Services Limited,0.0,
VISASTEEL,,0.0,
WIMPLAST,,0.0,
MILTON-ST,,0.0,
SMVD-ST,,0.0,
AXISBNKETF,,0.0,
VASA-SM,,0.0,
GLOBAL-BE,,0.0,
AKZOINDIA,,0.0,
AURIGROW-BE,,0.0,
CANARABANK,,0.0,
LTIMINDTREE,,0.0,
ZOMATO,,0.0,
MCDOWELL-N,,0.0,
DEEPAKNITRITE,,0.0,
