regime,horizon,symbol,sector,setup,setup_bucket,scan_date,entry_date,exit_date,entry,stop_loss,target,exit_price,exit_reason,return_pct,gross_return_pct,confidence,risk_dist_pct,reward_dist_pct,planned_rr
bear_down 2024-06..09,SWING,NSE:ADANIPOWER,Unknown,SMC_SWING_SCORE_70_HIGH_CONVICTION_NEUTRAL,other,2024-06-02,2024-06-02,2024-06-02,174.09,113.46,152.02,151.94,TARGET_HIT,-12.92,-12.63,79.02,34.83,12.68,0.36
bear_down 2024-06..09,SWING,NSE:ADANIENT,Infra,SMC_SWING_SCORE_70_HIGH_CONVICTION_NEUTRAL,other,2024-06-02,2024-06-02,2024-06-03,3723.56,2734.46,3889.66,2733.09,STOP_LOSS,-26.8,-26.53,68.85,26.56,4.46,0.17
bear_down 2024-06..09,SWING,NSE:ANANDRATHI,Unknown,SMC_SWING_SCORE_70_HIGH_CONVICTION_BULLISH_BOS,BOS_continuation,2024-06-02,2024-06-02,2024-06-03,2125.18,1879.23,2132.43,1878.29,STOP_LOSS,-11.82,-11.53,66.56,11.57,0.34,0.03
bear_down 2024-06..09,SWING,NSE:ADANIENSOL,Unknown,SMC_SWING_SCORE_70_HIGH_CONVICTION_NEUTRAL,other,2024-06-02,2024-06-02,2024-06-02,1249.62,964.51,1221.99,1221.38,TARGET_HIT,-2.46,-2.16,61.16,22.82,2.21,0.1
bear_down 2024-06..09,SWING,NSE:AAVAS,Unknown,SMC_SWING_SCORE_70_HIGH_CONVICTION_NEUTRAL,other,2024-06-02,2024-06-02,2024-06-03,1673.24,1506.91,1930.87,1506.16,STOP_LOSS,-10.19,-9.9,53.75,9.94,15.4,1.55
bear_down 2024-06..09,SWING,NSE:AAVAS,Unknown,SMC_SWING_SCORE_100_HIGH_CONVICTION_BULLISH_CHOCH,CHOCH_reversal,2024-06-11,2024-06-11,2024-07-02,1870.43,1449.76,2102.32,1858.07,TIME_EXIT,-0.86,-0.56,94.72,22.49,12.4,0.55
bear_down 2024-06..09,SWING,NSE:ABSLAMC,Unknown,SMC_SWING_SCORE_100_HIGH_CONVICTION_BULLISH_BOS,BOS_continuation,2024-06-11,2024-06-11,2024-06-11,595.53,477.03,603.75,603.45,TARGET_HIT,1.13,1.43,86.2,19.9,1.38,0.07
bear_down 2024-06..09,SWING,NSE:ANANTRAJ,Unknown,SMC_SWING_SCORE_100_HIGH_CONVICTION_BULLISH_CHOCH,CHOCH_reversal,2024-06-11,2024-06-11,2024-07-02,426.58,315.22,590.34,485.87,TIME_EXIT,13.7,14.01,78.45,26.11,38.39,1.47
bear_down 2024-06..09,SWING,NSE:ABFRL,Unknown,SMC_SWING_SCORE_100_HIGH_CONVICTION_BULLISH_CHOCH,CHOCH_reversal,2024-06-11,2024-06-11,2024-07-02,325.16,246.11,375.95,326.99,TIME_EXIT,0.36,0.66,70.55,24.31,15.62,0.64
bear_down 2024-06..09,SWING,NSE:3MINDIA,Unknown,SMC_SWING_SCORE_100_HIGH_CONVICTION_BULLISH_BOS,BOS_continuation,2024-06-11,2024-06-11,2024-07-01,34435.06,27293.91,39401.83,39382.13,TARGET_HIT,14.17,14.48,69.39,20.74,14.42,0.7
bear_down 2024-06..09,SWING,NSE:ADANIPORTS,Infra,SMC_SWING_SCORE_100_HIGH_CONVICTION_BULLISH_BOS,BOS_continuation,2024-06-23,2024-06-23,2024-07-11,1468.44,1137.67,2129.35,1478.76,TIME_EXIT,0.5,0.8,69.0,22.53,45.01,2.0
bear_down 2024-06..09,SWING,NSE:AARTIIND,Chemicals,SMC_SWING_SCORE_100_HIGH_CONVICTION_BULLISH_BOS,BOS_continuation,2024-06-23,2024-06-23,2024-07-11,699.07,557.2,777.92,702.85,TIME_EXIT,0.34,0.64,54.23,20.29,11.28,0.56
bear_down 2024-06..09,SWING,NSE:3MINDIA,Unknown,SMC_SWING_SCORE_70_HIGH_CONVICTION_BULLISH_BOS,BOS_continuation,2024-06-23,2024-06-23,2024-07-11,36968.46,29081.62,43339.7,37974.37,TIME_EXIT,2.52,2.82,63.07,21.33,17.23,0.81
bear_down 2024-06..09,SWING,NSE:ANANTRAJ,Unknown,SMC_SWING_SCORE_70_HIGH_CONVICTION_NEUTRAL,other,2024-06-23,2024-06-23,2024-07-11,438.06,314.83,653.99,495.56,TIME_EXIT,12.93,13.24,61.06,28.13,49.29,1.75
bear_down 2024-06..09,SWING,NSE:APLAPOLLO,Unknown,SMC_SWING_SCORE_70_HIGH_CONVICTION_BULLISH_BOS,BOS_continuation,2024-06-23,2024-06-23,2024-07-11,1627.37,1382.89,1836.49,1529.2,TIME_EXIT,-6.23,-5.94,60.23,15.02,12.85,0.86
bear_down 2024-06..09,SWING,NSE:ANANTRAJ,Unknown,SMC_SWING_SCORE_100_HIGH_CONVICTION_BULLISH_CHOCH,CHOCH_reversal,2024-07-02,2024-07-02,2024-07-23,484.86,315.79,749.03,517.52,TIME_EXIT,6.54,6.84,95.31,34.87,54.48,1.56
bear_down 2024-06..09,SWING,NSE:ACC,Cement,SMC_SWING_SCORE_100_HIGH_CONVICTION_BULLISH_BOS,BOS_continuation,2024-07-02,2024-07-02,2024-07-23,2779.03,2123.93,3798.25,2607.51,TIME_EXIT,-6.37,-6.08,82.58,23.57,36.68,1.56
bear_down 2024-06..09,SWING,NSE:AMBUJACEM,Cement,SMC_SWING_SCORE_100_HIGH_CONVICTION_BULLISH_BOS,BOS_continuation,2024-07-02,2024-07-02,2024-07-23,692.81,511.53,1023.49,679.57,TIME_EXIT,-2.11,-1.81,63.2,26.17,47.73,1.82
bear_down 2024-06..09,SWING,NSE:3MINDIA,Unknown,SMC_SWING_SCORE_70_HIGH_CONVICTION_NEUTRAL,other,2024-07-02,2024-07-02,2024-07-23,37857.16,29249.16,55546.2,37738.54,TIME_EXIT,-0.51,-0.21,81.65,22.74,46.73,2.05
bear_down 2024-06..09,SWING,NSE:ACI,Unknown,SMC_SWING_SCORE_70_HIGH_CONVICTION_NEUTRAL,other,2024-07-02,2024-07-02,2024-07-23,730.84,572.79,761.63,737.62,TIME_EXIT,0.73,1.03,69.48,21.63,4.21,0.19
bear_down 2024-06..09,SWING,NSE:AFFLE,Unknown,SMC_SWING_SCORE_70_HIGH_CONVICTION_NEUTRAL,other,2024-07-11,2024-07-11,2024-08-01,1423.71,1201.64,1837.56,1482.21,TIME_EXIT,3.91,4.21,57.25,15.6,29.07,1.86
bear_down 2024-06..09,SWING,NSE:ANANDRATHI,Unknown,SMC_SWING_SCORE_70_HIGH_CONVICTION_NEUTRAL,other,2024-07-11,2024-07-11,2024-07-11,2085.55,1868.28,2123.12,2122.06,TARGET_HIT,1.55,1.85,54.1,10.42,1.8,0.17
bear_down 2024-06..09,SWING,NSE:ANANTRAJ,Unknown,SMC_SWING_SCORE_70_HIGH_CONVICTION_NEUTRAL,other,2024-07-11,2024-07-11,2024-07-25,506.14,407.21,541.37,541.1,TARGET_HIT,6.71,7.01,52.78,19.55,6.96,0.36
bear_down 2024-06..09,SWING,NSE:360ONE,Unknown,SMC_SWING_SCORE_70_HIGH_CONVICTION_NEUTRAL,other,2024-07-11,2024-07-11,2024-07-28,950.91,757.55,1046.19,1045.67,TARGET_HIT,9.76,10.07,51.5,20.33,10.02,0.49
bear_down 2024-06..09,SWING,NSE:AGI,Unknown,SMC_SWING_SCORE_70_HIGH_CONVICTION_NEUTRAL,other,2024-07-11,2024-07-11,2024-07-11,873.33,645.04,860.04,859.61,TARGET_HIT,-1.77,-1.47,46.54,26.14,1.52,0.06
bear_down 2024-06..09,SWING,NSE:ANURAS,Unknown,SMC_SWING_SCORE_100_HIGH_CONVICTION_BULLISH_BOS,BOS_continuation,2024-07-23,2024-07-23,2024-08-12,799.09,727.92,882.24,773.2,TIME_EXIT,-3.44,-3.14,63.82,8.91,10.41,1.17
bear_down 2024-06..09,SWING,NSE:ANANTRAJ,Unknown,SMC_SWING_SCORE_70_HIGH_CONVICTION_NEUTRAL,other,2024-07-23,2024-07-23,2024-08-12,516.44,423.48,762.28,506.69,TIME_EXIT,-2.09,-1.79,60.3,18.0,47.6,2.64
bear_down 2024-06..09,SWING,NSE:AMBUJACEM,Cement,SMC_SWING_SCORE_70_HIGH_CONVICTION_NEUTRAL,other,2024-07-23,2024-07-23,2024-08-04,689.17,639.12,846.64,638.8,STOP_LOSS,-7.51,-7.22,55.63,7.26,22.85,3.15
bear_down 2024-06..09,SWING,NSE:APLLTD,Unknown,SMC_SWING_SCORE_70_HIGH_CONVICTION_NEUTRAL,other,2024-07-23,2024-07-23,2024-08-12,1061.63,843.25,1349.69,1055.88,TIME_EXIT,-0.74,-0.44,52.84,20.57,27.13,1.32
bear_down 2024-06..09,SWING,NSE:ANGELONE,Unknown,SMC_SWING_SCORE_70_HIGH_CONVICTION_NEUTRAL,other,2024-07-23,2024-07-23,2024-08-12,217.7,194.41,322.85,202.23,TIME_EXIT,-7.3,-7.01,44.05,10.7,48.3,4.51
bear_down 2024-06..09,SWING,NSE:ADANIENSOL,Unknown,SMC_SWING_SCORE_100_HIGH_CONVICTION_BULLISH_BOS,BOS_continuation,2024-08-01,2024-08-01,2024-08-01,1250.62,931.52,1224.24,1223.63,TARGET_HIT,-2.36,-2.06,87.88,25.52,2.11,0.08
bear_down 2024-06..09,SWING,NSE:AJANTPHARM,Unknown,SMC_SWING_SCORE_100_HIGH_CONVICTION_BULLISH_BOS,BOS_continuation,2024-08-01,2024-08-01,2024-08-01,2696.37,2059.46,2517.34,2516.08,TARGET_HIT,-6.89,-6.59,82.96,23.62,6.64,0.28
bear_down 2024-06..09,SWING,NSE:360ONE,Unknown,SMC_SWING_SCORE_100_HIGH_CONVICTION_BULLISH_BOS,BOS_continuation,2024-08-01,2024-08-01,2024-08-22,1078.47,894.89,1178.85,1066.15,TIME_EXIT,-1.34,-1.04,81.54,17.02,9.31,0.55
bear_down 2024-06..09,SWING,NSE:ADANIPORTS,Infra,SMC_SWING_SCORE_100_HIGH_CONVICTION_BULLISH_BOS,BOS_continuation,2024-08-01,2024-08-01,2024-08-22,1573.09,1406.94,1703.14,1483.34,TIME_EXIT,-5.91,-5.61,81.32,10.56,8.27,0.78
bear_down 2024-06..09,SWING,NSE:ADANIENT,Infra,SMC_SWING_SCORE_100_HIGH_CONVICTION_BULLISH_CHOCH,CHOCH_reversal,2024-08-01,2024-08-01,2024-08-22,3200.01,2873.64,3687.28,3073.29,TIME_EXIT,-4.16,-3.86,68.72,10.2,15.23,1.49
bear_down 2024-06..09,SWING,NSE:AIAENG,Unknown,SMC_SWING_SCORE_100_HIGH_CONVICTION_BULLISH_BOS,BOS_continuation,2024-08-12,2024-08-12,2024-09-02,4740.95,4056.62,4983.78,4373.08,TIME_EXIT,-7.96,-7.67,94.53,14.43,5.12,0.35
bear_down 2024-06..09,SWING,NSE:AJANTPHARM,Unknown,SMC_SWING_SCORE_100_HIGH_CONVICTION_BULLISH_BOS,BOS_continuation,2024-08-12,2024-08-12,2024-08-12,3007.63,2142.09,2934.09,2932.62,TARGET_HIT,-2.69,-2.4,75.89,28.78,2.45,0.08
bear_down 2024-06..09,SWING,NSE:AEROFLEX,Unknown,SMC_SWING_SCORE_100_HIGH_CONVICTION_BULLISH_BOS,BOS_continuation,2024-08-12,2024-08-12,2024-09-02,163.64,143.1,199.98,178.02,TIME_EXIT,8.59,8.89,71.88,12.55,22.21,1.77
bear_down 2024-06..09,SWING,NSE:ALKEM,Pharma,SMC_SWING_SCORE_100_HIGH_CONVICTION_BULLISH_CHOCH,CHOCH_reversal,2024-08-12,2024-08-12,2024-08-21,5637.1,4910.51,5752.43,5749.55,TARGET_HIT,1.79,2.1,66.0,12.89,2.05,0.16
bear_down 2024-06..09,SWING,NSE:AARTIIND,Chemicals,SMC_SWING_SCORE_70_HIGH_CONVICTION_NEUTRAL,other,2024-08-12,2024-08-12,2024-08-12,714.45,623.73,1102.01,623.42,STOP_LOSS,-12.94,-12.65,73.1,12.7,54.25,4.27
bear_down 2024-06..09,SWING,NSE:ACI,Unknown,SMC_SWING_SCORE_100_HIGH_CONVICTION_BULLISH_BOS,BOS_continuation,2024-08-22,2024-08-22,2024-09-11,811.49,664.94,1112.94,706.38,TIME_EXIT,-13.15,-12.87,88.73,18.06,37.15,2.06
bear_down 2024-06..09,SWING,NSE:ABBOTINDIA,Unknown,SMC_SWING_SCORE_100_HIGH_CONVICTION_BULLISH_BOS,BOS_continuation,2024-08-22,2024-08-22,2024-09-11,28770.48,26274.09,33419.49,29268.17,TIME_EXIT,1.53,1.83,82.49,8.68,16.16,1.86
bear_down 2024-06..09,SWING,NSE:AEROFLEX,Unknown,SMC_SWING_SCORE_100_HIGH_CONVICTION_BULLISH_BOS,BOS_continuation,2024-08-22,2024-08-22,2024-09-04,167.84,145.04,184.88,184.79,TARGET_HIT,9.9,10.21,78.83,13.58,10.15,0.75
bear_down 2024-06..09,SWING,NSE:AGI,Unknown,SMC_SWING_SCORE_100_HIGH_CONVICTION_BULLISH_BOS,BOS_continuation,2024-08-22,2024-08-22,2024-08-22,904.61,712.72,900.2,899.75,TARGET_HIT,-0.74,-0.44,72.1,21.21,0.49,0.02
bear_down 2024-06..09,SWING,NSE:ABSLAMC,Unknown,SMC_SWING_SCORE_100_HIGH_CONVICTION_BULLISH_BOS,BOS_continuation,2024-08-22,2024-08-22,2024-09-11,735.91,596.69,929.01,733.81,TIME_EXIT,-0.49,-0.19,66.3,18.92,26.24,1.39
bull_validation 2026-01..04,SWING,NSE:AIIL,Unknown,SMC_SWING_SCORE_100_HIGH_CONVICTION_BULLISH_CHOCH,CHOCH_reversal,2026-01-15,2026-01-15,2026-01-22,650.32,536.1,719.66,535.83,STOP_LOSS,-17.81,-17.52,76.98,17.56,10.66,0.61
bull_validation 2026-01..04,SWING,NSE:AARTIPHARM,Unknown,SMC_SWING_SCORE_100_HIGH_CONVICTION_BULLISH_BOS,BOS_continuation,2026-01-15,2026-01-15,2026-02-05,795.51,717.53,839.97,774.77,TIME_EXIT,-2.81,-2.51,46.6,9.8,5.59,0.57
bull_validation 2026-01..04,SWING,NSE:ANGELONE,Unknown,SMC_SWING_SCORE_100_HIGH_CONVICTION_BULLISH_CHOCH,CHOCH_reversal,2026-01-15,2026-01-15,2026-02-01,254.81,224.99,315.39,224.88,STOP_LOSS,-11.95,-11.66,42.64,11.7,23.77,2.03
bull_validation 2026-01..04,SWING,NSE:AETHER,Unknown,SMC_SWING_SCORE_70_HIGH_CONVICTION_NEUTRAL,other,2026-01-15,2026-01-15,2026-01-15,1006.4,790.95,978.67,978.18,TARGET_HIT,-3.0,-2.71,58.43,21.41,2.76,0.13
bull_validation 2026-01..04,SWING,NSE:APLAPOLLO,Unknown,SMC_SWING_SCORE_70_HIGH_CONVICTION_NEUTRAL,other,2026-01-15,2026-01-15,2026-02-05,1944.97,1746.99,2348.83,2196.9,TIME_EXIT,12.75,13.07,51.84,10.18,20.76,2.04
bull_validation 2026-01..04,SWING,NSE:APLAPOLLO,Unknown,SMC_SWING_SCORE_70_HIGH_CONVICTION_NEUTRAL,other,2026-01-27,2026-01-27,2026-02-16,2071.03,1839.5,2327.7,2223.39,TIME_EXIT,7.16,7.46,77.46,11.18,12.39,1.11
bull_validation 2026-01..04,SWING,NSE:AETHER,Unknown,SMC_SWING_SCORE_70_HIGH_CONVICTION_BULLISH_BOS,BOS_continuation,2026-01-27,2026-01-27,2026-02-16,993.15,824.99,1456.23,977.21,TIME_EXIT,-1.8,-1.51,56.76,16.93,46.63,2.75
bull_validation 2026-01..04,SWING,NSE:ACUTAAS,Unknown,SMC_SWING_SCORE_70_HIGH_CONVICTION_NEUTRAL,other,2026-01-27,2026-01-27,2026-02-16,1748.87,1560.97,2412.69,2074.86,TIME_EXIT,18.44,18.76,45.73,10.74,37.96,3.53
bull_validation 2026-01..04,SWING,NSE:ACI,Unknown,SMC_SWING_SCORE_70_HIGH_CONVICTION_NEUTRAL,other,2026-01-27,2026-01-27,2026-02-16,569.28,498.3,763.1,569.57,TIME_EXIT,-0.15,0.15,39.77,12.47,34.05,2.73
bull_validation 2026-01..04,SWING,NSE:AJANTPHARM,Unknown,SMC_SWING_SCORE_70_HIGH_CONVICTION_NEUTRAL,other,2026-01-27,2026-01-27,2026-02-16,2713.06,2644.13,3446.01,2956.32,TIME_EXIT,8.77,9.08,37.97,2.54,27.02,10.63
bull_validation 2026-01..04,SWING,NSE:AARTIIND,Chemicals,SMC_SWING_SCORE_100_HIGH_CONVICTION_BULLISH_BOS,BOS_continuation,2026-02-05,2026-02-05,2026-02-05,451.43,331.25,416.33,416.12,TARGET_HIT,-8.02,-7.73,76.37,26.62,7.78,0.29
bull_validation 2026-01..04,SWING,NSE:ANTHEM,Unknown,SMC_SWING_SCORE_100_HIGH_CONVICTION_BULLISH_BOS,BOS_continuation,2026-02-05,2026-02-05,2026-02-25,627.31,575.79,748.63,703.15,TIME_EXIT,11.89,12.2,62.64,8.21,19.34,2.35
bull_validation 2026-01..04,SWING,NSE:ANURAS,Unknown,SMC_SWING_SCORE_100_HIGH_CONVICTION_BULLISH_BOS,BOS_continuation,2026-02-05,2026-02-05,2026-02-25,1311.16,1194.32,1691.04,1251.07,TIME_EXIT,-4.78,-4.49,58.63,8.91,28.97,3.25
bull_validation 2026-01..04,SWING,NSE:ABB,Unknown,SMC_SWING_SCORE_100_HIGH_CONVICTION_BULLISH_BOS,BOS_continuation,2026-02-05,2026-02-05,2026-02-05,5748.37,4587.01,5783.05,5780.16,TARGET_HIT,0.35,0.65,55.85,20.2,0.6,0.03
bull_validation 2026-01..04,SWING,NSE:AJANTPHARM,Unknown,SMC_SWING_SCORE_100_HIGH_CONVICTION_BULLISH_BOS,BOS_continuation,2026-02-05,2026-02-05,2026-02-24,2829.71,2641.12,3019.44,3017.93,TARGET_HIT,6.45,6.76,52.2,6.66,6.7,1.01
bull_validation 2026-01..04,SWING,NSE:AJANTPHARM,Unknown,SMC_SWING_SCORE_100_HIGH_CONVICTION_BULLISH_BOS,BOS_continuation,2026-02-16,2026-02-16,2026-02-18,2978.49,2601.1,2986.3,2984.81,TARGET_HIT,0.01,0.31,62.66,12.67,0.26,0.02
bull_validation 2026-01..04,SWING,NSE:ACUTAAS,Unknown,SMC_SWING_SCORE_70_HIGH_CONVICTION_NEUTRAL,other,2026-02-16,2026-02-16,2026-03-09,2040.02,1556.62,3002.94,2226.79,TIME_EXIT,8.96,9.26,56.52,23.7,47.2,1.99
bull_validation 2026-01..04,SWING,NSE:ABSLAMC,Unknown,SMC_SWING_SCORE_70_HIGH_CONVICTION_NEUTRAL,other,2026-02-16,2026-02-16,2026-03-09,880.44,735.65,936.37,935.9,TARGET_HIT,6.1,6.41,55.6,16.45,6.35,0.39
bull_validation 2026-01..04,SWING,NSE:AMBER,Unknown,SMC_SWING_SCORE_70_HIGH_CONVICTION_NEUTRAL,other,2026-02-16,2026-02-16,2026-02-16,7758.38,5116.55,6637.35,6634.03,TARGET_HIT,-14.69,-14.41,52.3,34.05,14.45,0.42
bull_validation 2026-01..04,SWING,NSE:AARTIIND,Chemicals,SMC_SWING_SCORE_70_HIGH_CONVICTION_NEUTRAL,other,2026-02-16,2026-02-16,2026-02-16,451.23,324.6,428.88,428.67,TARGET_HIT,-5.2,-4.9,50.17,28.06,4.95,0.18
bull_validation 2026-01..04,SWING,NSE:AGIIL,Unknown,SMC_SWING_SCORE_100_HIGH_CONVICTION_BULLISH_BOS,BOS_continuation,2026-02-25,2026-02-25,2026-03-18,310.1,227.99,326.31,306.15,TIME_EXIT,-1.48,-1.18,77.09,26.48,5.23,0.2
bull_validation 2026-01..04,SWING,NSE:AEGISVOPAK,Unknown,SMC_SWING_SCORE_100_HIGH_CONVICTION_BULLISH_BOS,BOS_continuation,2026-02-25,2026-02-25,2026-03-03,235.12,202.96,270.12,202.86,STOP_LOSS,-13.92,-13.63,45.5,13.68,14.89,1.09
bull_validation 2026-01..04,SWING,NSE:ABCAPITAL,Unknown,SMC_SWING_SCORE_70_HIGH_CONVICTION_NEUTRAL,other,2026-02-25,2026-02-25,2026-03-08,354.18,315.52,410.44,315.36,STOP_LOSS,-11.16,-10.87,63.37,10.92,15.88,1.46
bull_validation 2026-01..04,SWING,NSE:APARINDS,Unknown,SMC_SWING_SCORE_70_HIGH_CONVICTION_NEUTRAL,other,2026-02-25,2026-02-25,2026-03-18,10605.3,7337.6,16072.2,9593.2,TIME_EXIT,-9.74,-9.45,60.68,30.81,51.55,1.67
bull_validation 2026-01..04,SWING,NSE:ACUTAAS,Unknown,SMC_SWING_SCORE_70_HIGH_CONVICTION_NEUTRAL,other,2026-02-25,2026-02-25,2026-03-18,2166.98,1806.54,2456.38,2240.18,TIME_EXIT,3.18,3.48,59.45,16.63,13.35,0.8
bull_validation 2026-01..04,SWING,NSE:AETHER,Unknown,SMC_SWING_SCORE_100_HIGH_CONVICTION_BULLISH_CHOCH,CHOCH_reversal,2026-03-09,2026-03-09,2026-03-23,990.6,886.31,1197.67,1197.07,TARGET_HIT,20.64,20.96,51.83,10.53,20.9,1.99
bull_validation 2026-01..04,SWING,NSE:ANANDRATHI,Unknown,SMC_SWING_SCORE_70_HIGH_CONVICTION_NEUTRAL,other,2026-03-09,2026-03-09,2026-03-19,3166.37,2907.69,3267.41,2906.24,STOP_LOSS,-8.42,-8.12,52.75,8.17,3.19,0.39
bull_validation 2026-01..04,SWING,NSE:AJANTPHARM,Unknown,SMC_SWING_SCORE_70_HIGH_CONVICTION_NEUTRAL,other,2026-03-09,2026-03-09,2026-03-22,2980.49,2814.24,3399.08,2812.83,STOP_LOSS,-5.83,-5.53,48.57,5.58,14.04,2.52
bull_validation 2026-01..04,SWING,NSE:ACUTAAS,Unknown,SMC_SWING_SCORE_70_HIGH_CONVICTION_NEUTRAL,other,2026-03-09,2026-03-09,2026-03-31,2202.1,1963.55,2610.35,2609.04,TARGET_HIT,18.28,18.6,47.48,10.83,18.54,1.71
bull_validation 2026-01..04,SWING,NSE:AMBER,Unknown,SMC_SWING_SCORE_70_HIGH_CONVICTION_BEARISH_BOS,BOS_other,2026-03-09,2026-03-09,2026-03-12,7503.75,6624.66,11304.02,6621.35,STOP_LOSS,-11.96,-11.67,42.88,11.72,50.64,4.32
bull_validation 2026-01..04,SWING,NSE:ADANIENSOL,Unknown,SMC_SWING_BULLISH_BULLISH_CHOCH,CHOCH_reversal,2026-03-18,2026-03-18,2026-03-22,1015.01,996.1,1158.5,995.6,STOP_LOSS,-2.11,-1.81,59.57,1.86,14.14,7.59
bull_validation 2026-01..04,SWING,NSE:360ONE,Unknown,SMC_SWING_SCORE_100_HIGH_CONVICTION_BULLISH_CHOCH,CHOCH_reversal,2026-03-18,2026-03-18,2026-03-22,1053.51,999.75,1498.63,999.25,STOP_LOSS,-5.35,-5.06,40.16,5.1,42.25,8.28
bull_validation 2026-01..04,SWING,NSE:AETHER,Unknown,SMC_SWING_SCORE_70_HIGH_CONVICTION_NEUTRAL,other,2026-03-18,2026-03-18,2026-03-23,1047.87,883.77,1227.69,1227.08,TARGET_HIT,16.9,17.22,61.63,15.66,17.16,1.1
bull_validation 2026-01..04,SWING,NSE:ACUTAAS,Unknown,SMC_SWING_SCORE_70_HIGH_CONVICTION_NEUTRAL,other,2026-03-18,2026-03-18,2026-03-24,2178.49,2016.89,2563.53,2562.25,TARGET_HIT,17.42,17.73,56.63,7.42,17.67,2.38
bull_validation 2026-01..04,SWING,NSE:ABB,Unknown,SMC_SWING_SCORE_70_HIGH_CONVICTION_NEUTRAL,other,2026-03-18,2026-03-18,2026-04-12,6238.62,5642.94,7602.82,6797.29,TIME_EXIT,8.76,9.06,53.99,9.55,21.87,2.29
bull_validation 2026-01..04,SWING,NSE:AFFLE,Unknown,SMC_SWING_SCORE_100_HIGH_CONVICTION_BULLISH_CHOCH,CHOCH_reversal,2026-03-31,2026-03-31,2026-04-22,1458.33,1242.9,1844.1,1432.08,TIME_EXIT,-2.0,-1.7,49.84,14.77,26.45,1.79
bull_validation 2026-01..04,SWING,NSE:ANTHEM,Unknown,SMC_SWING_SCORE_100_HIGH_CONVICTION_BULLISH_CHOCH,CHOCH_reversal,2026-03-31,2026-03-31,2026-04-22,669.73,604.94,875.18,740.28,TIME_EXIT,10.33,10.64,41.82,9.67,30.68,3.17
bull_validation 2026-01..04,SWING,NSE:ACUTAAS,Unknown,SMC_SWING_SCORE_70_HIGH_CONVICTION_NEUTRAL,other,2026-03-31,2026-03-31,2026-04-22,2627.31,2003.07,2659.59,2385.51,TIME_EXIT,-9.4,-9.11,62.98,23.76,1.23,0.05
bull_validation 2026-01..04,SWING,NSE:AIAENG,Unknown,SMC_SWING_SCORE_70_HIGH_CONVICTION_BULLISH_BOS,BOS_continuation,2026-03-31,2026-03-31,2026-04-22,3661.83,3226.62,4709.34,4077.56,TIME_EXIT,11.15,11.46,49.22,11.89,28.61,2.41
bull_validation 2026-01..04,SWING,NSE:ACMESOLAR,Unknown,SMC_SWING_SCORE_70_HIGH_CONVICTION_NEUTRAL,other,2026-03-31,2026-03-31,2026-04-05,270.08,201.42,282.74,282.6,TARGET_HIT,4.43,4.74,41.58,25.42,4.69,0.18
bull_validation 2026-01..04,SWING,NSE:ADANIENSOL,Unknown,SMC_SWING_STRONG_BULL_BULLISH_BOS,BOS_continuation,2026-04-12,2026-04-12,2026-04-21,1120.56,1100.01,1331.57,1330.9,TARGET_HIT,18.57,18.89,96.11,1.83,18.83,10.27
bull_validation 2026-01..04,SWING,NSE:ABB,Unknown,SMC_SWING_SCORE_100_HIGH_CONVICTION_BULLISH_CHOCH,CHOCH_reversal,2026-04-12,2026-04-12,2026-04-21,6700.96,5854.79,7334.79,7331.12,TARGET_HIT,9.2,9.51,85.61,12.63,9.46,0.75
bull_validation 2026-01..04,SWING,NSE:ADANIPOWER,Unknown,SMC_SWING_SCORE_100_HIGH_CONVICTION_BULLISH_BOS,BOS_continuation,2026-04-12,2026-04-12,2026-04-19,172.09,136.49,206.13,206.03,TARGET_HIT,19.52,19.84,75.51,20.69,19.78,0.96
bull_validation 2026-01..04,SWING,NSE:ABDL,Unknown,SMC_SWING_SCORE_100_HIGH_CONVICTION_BULLISH_BOS,BOS_continuation,2026-04-12,2026-04-12,2026-04-16,500.25,378.58,566.98,566.7,TARGET_HIT,13.08,13.4,74.76,24.32,13.34,0.55
bull_validation 2026-01..04,SWING,NSE:APARINDS,Unknown,SMC_SWING_SCORE_100_HIGH_CONVICTION_BULLISH_CHOCH,CHOCH_reversal,2026-04-12,2026-04-12,2026-05-03,11077.54,8775.57,12953.29,12435.78,TIME_EXIT,12.06,12.37,74.61,20.78,16.93,0.81
choppy_recovery 2025-02..05,SWING,NSE:ABDL,Unknown,SMC_SWING_SCORE_70_HIGH_CONVICTION_NEUTRAL,other,2025-02-02,2025-02-02,2025-02-10,395.9,350.18,578.18,350.0,STOP_LOSS,-11.79,-11.5,52.16,11.55,46.04,3.99
choppy_recovery 2025-02..05,SWING,NSE:AARTIIND,Chemicals,SMC_SWING_SCORE_70_HIGH_CONVICTION_NEUTRAL,other,2025-02-02,2025-02-02,2025-02-05,444.09,386.6,475.84,475.6,TARGET_HIT,6.9,7.2,41.35,12.95,7.15,0.55
choppy_recovery 2025-02..05,SWING,NSE:ABREL,Unknown,SMC_SWING_SCORE_70_HIGH_CONVICTION_NEUTRAL,other,2025-02-02,2025-02-02,2025-02-20,2149.15,1780.26,2880.78,2059.57,TIME_EXIT,-4.37,-4.07,35.15,17.16,34.04,1.98
choppy_recovery 2025-02..05,SWING,NSE:ABBOTINDIA,Unknown,SMC_SWING_SCORE_70_HIGH_CONVICTION_NEUTRAL,other,2025-02-02,2025-02-02,2025-02-20,25549.21,24876.86,37548.74,28530.12,TIME_EXIT,11.47,11.78,34.78,2.63,46.97,17.85
choppy_recovery 2025-02..05,SWING,NSE:ABCAPITAL,Unknown,SMC_SWING_SCORE_70_HIGH_CONVICTION_NEUTRAL,other,2025-02-02,2025-02-02,2025-02-10,175.89,161.82,209.34,161.74,STOP_LOSS,-8.24,-7.95,33.49,8.0,19.02,2.38
choppy_recovery 2025-02..05,SWING,NSE:AARTIPHARM,Unknown,SMC_SWING_SCORE_70_HIGH_CONVICTION_NEUTRAL,other,2025-02-11,2025-02-11,2025-03-04,704.54,557.53,855.65,754.82,TIME_EXIT,6.94,7.24,51.52,20.87,21.45,1.03
choppy_recovery 2025-02..05,SWING,NSE:ADANIENT,Infra,SMC_SWING_SCORE_70_HIGH_CONVICTION_NEUTRAL,other,2025-02-11,2025-02-11,2025-02-13,2325.01,2180.2,2591.16,2179.11,STOP_LOSS,-6.48,-6.18,49.08,6.23,11.45,1.84
choppy_recovery 2025-02..05,SWING,NSE:ABBOTINDIA,Unknown,SMC_SWING_SCORE_70_HIGH_CONVICTION_NEUTRAL,other,2025-02-11,2025-02-11,2025-03-04,28606.08,24855.69,34280.65,31000.61,TIME_EXIT,8.17,8.48,48.09,13.11,19.84,1.51
choppy_recovery 2025-02..05,SWING,NSE:AIIL,Unknown,SMC_SWING_SCORE_70_HIGH_CONVICTION_NEUTRAL,other,2025-02-11,2025-02-11,2025-02-16,344.96,314.42,488.7,314.26,STOP_LOSS,-9.1,-8.81,37.84,8.85,41.67,4.71
choppy_recovery 2025-02..05,SWING,NSE:AFFLE,Unknown,SMC_SWING_SCORE_70_HIGH_CONVICTION_NEUTRAL,other,2025-02-11,2025-02-11,2025-02-27,1560.78,1421.74,1901.78,1421.03,STOP_LOSS,-9.15,-8.86,33.77,8.91,21.85,2.45
choppy_recovery 2025-02..05,SWING,NSE:ANANDRATHI,Unknown,SMC_SWING_SCORE_100_HIGH_CONVICTION_BULLISH_CHOCH,CHOCH_reversal,2025-02-20,2025-02-20,2025-03-11,1926.37,1668.52,2279.8,1667.69,STOP_LOSS,-13.63,-13.34,64.56,13.39,18.35,1.37
choppy_recovery 2025-02..05,SWING,NSE:APLAPOLLO,Unknown,SMC_SWING_SCORE_70_HIGH_CONVICTION_NEUTRAL,other,2025-02-20,2025-02-20,2025-03-16,1495.53,1259.1,1966.42,1405.79,TIME_EXIT,-6.2,-5.91,55.06,15.81,31.49,1.99
choppy_recovery 2025-02..05,SWING,NSE:AARTIPHARM,Unknown,SMC_SWING_SCORE_70_HIGH_CONVICTION_NEUTRAL,other,2025-02-20,2025-02-20,2025-02-20,771.66,511.48,769.76,769.38,TARGET_HIT,-0.5,-0.2,54.73,33.72,0.25,0.01
choppy_recovery 2025-02..05,SWING,NSE:ACE,Unknown,SMC_SWING_SCORE_70_HIGH_CONVICTION_NEUTRAL,other,2025-02-20,2025-02-20,2025-02-27,1255.95,1094.14,1690.86,1093.59,STOP_LOSS,-13.13,-12.84,35.66,12.88,34.63,2.69
choppy_recovery 2025-02..05,SWING,NSE:AEGISLOG,Unknown,SMC_SWING_SCORE_70_HIGH_CONVICTION_NEUTRAL,other,2025-02-20,2025-02-20,2025-03-16,723.68,593.71,965.03,740.76,TIME_EXIT,2.16,2.46,34.46,17.96,33.35,1.86
choppy_recovery 2025-02..05,SWING,NSE:ANURAS,Unknown,SMC_SWING_SCORE_100_HIGH_CONVICTION_BULLISH_CHOCH,CHOCH_reversal,2025-03-04,2025-03-04,2025-03-25,718.59,593.62,1136.74,758.97,TIME_EXIT,5.42,5.73,65.62,17.39,58.19,3.35
choppy_recovery 2025-02..05,SWING,NSE:ANANDRATHI,Unknown,SMC_SWING_SCORE_70_HIGH_CONVICTION_NEUTRAL,other,2025-03-04,2025-03-04,2025-03-11,1982.69,1686.42,2066.98,1685.58,STOP_LOSS,-15.19,-14.9,53.38,14.94,4.25,0.28
choppy_recovery 2025-02..05,SWING,NSE:ADANIPOWER,Unknown,SMC_SWING_SCORE_70_HIGH_CONVICTION_NEUTRAL,other,2025-03-04,2025-03-04,2025-03-25,96.85,93.0,120.72,99.52,TIME_EXIT,2.56,2.86,30.44,3.98,24.65,6.2
choppy_recovery 2025-02..05,SWING,NSE:360ONE,Unknown,SMC_SWING_SCORE_70_HIGH_CONVICTION_NEUTRAL,other,2025-03-04,2025-03-04,2025-03-11,966.54,844.14,1363.9,843.72,STOP_LOSS,-12.91,-12.62,26.6,12.66,41.11,3.25
choppy_recovery 2025-02..05,SWING,NSE:AIIL,Unknown,SMC_SWING_SCORE_70_HIGH_CONVICTION_NEUTRAL,other,2025-03-04,2025-03-04,2025-03-25,298.05,260.73,563.45,305.69,TIME_EXIT,2.36,2.67,26.32,12.52,89.05,7.11
choppy_recovery 2025-02..05,SWING,NSE:ADANIGREEN,Energy,SMC_SWING_SCORE_100_HIGH_CONVICTION_BULLISH_BOS,BOS_continuation,2025-03-16,2025-03-16,2025-04-06,874.09,751.37,1181.89,872.86,TIME_EXIT,-0.34,-0.04,42.83,14.04,35.21,2.51
choppy_recovery 2025-02..05,SWING,NSE:AAVAS,Unknown,SMC_SWING_SCORE_70_HIGH_CONVICTION_NEUTRAL,other,2025-03-16,2025-03-16,2025-03-16,1877.64,1630.73,1878.69,1877.75,TARGET_HIT,-0.19,0.11,56.39,13.15,0.06,0.0
choppy_recovery 2025-02..05,SWING,NSE:ANURAS,Unknown,SMC_SWING_SCORE_70_HIGH_CONVICTION_NEUTRAL,other,2025-03-16,2025-03-16,2025-03-18,785.58,586.67,790.35,789.95,TARGET_HIT,0.36,0.66,39.87,25.32,0.61,0.02
choppy_recovery 2025-02..05,SWING,NSE:ACC,Cement,SMC_SWING_SCORE_70_HIGH_CONVICTION_NEUTRAL,other,2025-03-16,2025-03-16,2025-04-06,1850.41,1764.86,2210.54,1920.38,TIME_EXIT,3.58,3.89,38.83,4.62,19.46,4.21
choppy_recovery 2025-02..05,SWING,NSE:AARTIPHARM,Unknown,SMC_SWING_SCORE_70_HIGH_CONVICTION_NEUTRAL,other,2025-03-16,2025-03-16,2025-04-06,741.24,676.94,1127.82,676.6,STOP_LOSS,-8.92,-8.63,37.06,8.67,52.15,6.01
choppy_recovery 2025-02..05,SWING,NSE:ABBOTINDIA,Unknown,SMC_SWING_SCORE_100_HIGH_CONVICTION_BULLISH_BOS,BOS_continuation,2025-03-25,2025-03-25,2025-04-06,30688.14,28034.75,38651.15,28020.73,STOP_LOSS,-8.89,-8.6,61.49,8.65,25.95,3.0
choppy_recovery 2025-02..05,SWING,NSE:AHLUCONT,Unknown,SMC_SWING_SCORE_100_HIGH_CONVICTION_BULLISH_BOS,BOS_continuation,2025-03-25,2025-03-25,2025-04-20,836.01,621.74,1078.7,917.43,TIME_EXIT,9.54,9.85,55.0,25.63,29.03,1.13
choppy_recovery 2025-02..05,SWING,NSE:ABCAPITAL,Unknown,SMC_SWING_SCORE_100_HIGH_CONVICTION_BULLISH_BOS,BOS_continuation,2025-03-25,2025-03-25,2025-04-01,181.59,149.07,189.59,189.5,TARGET_HIT,4.15,4.46,52.11,17.91,4.41,0.25
choppy_recovery 2025-02..05,SWING,NSE:APLAPOLLO,Unknown,SMC_SWING_SCORE_100_HIGH_CONVICTION_BULLISH_CHOCH,CHOCH_reversal,2025-03-25,2025-03-25,2025-04-20,1511.03,1352.66,1825.5,1593.14,TIME_EXIT,5.23,5.54,49.81,10.48,20.81,1.99
choppy_recovery 2025-02..05,SWING,NSE:AFFLE,Unknown,SMC_SWING_SCORE_100_HIGH_CONVICTION_BULLISH_BOS,BOS_continuation,2025-03-25,2025-03-25,2025-04-06,1570.78,1323.16,1811.32,1322.5,STOP_LOSS,-16.01,-15.72,49.09,15.76,15.31,0.97
choppy_recovery 2025-02..05,SWING,NSE:AADHARHFC,Unknown,SMC_SWING_SCORE_100_HIGH_CONVICTION_BULLISH_BOS,BOS_continuation,2025-04-06,2025-04-06,2025-04-29,415.21,385.88,521.76,466.82,TIME_EXIT,12.23,12.54,64.63,7.06,25.66,3.63
choppy_recovery 2025-02..05,SWING,NSE:ADANIPOWER,Unknown,SMC_SWING_BULLISH_BULLISH_BOS,BOS_continuation,2025-04-06,2025-04-06,2025-04-06,92.45,100.65,113.93,100.6,STOP_LOSS,8.62,8.93,51.73,8.87,23.23,2.62
choppy_recovery 2025-02..05,SWING,NSE:ABCAPITAL,Unknown,SMC_SWING_STRONG_BULL_BULLISH_BOS,BOS_continuation,2025-04-06,2025-04-06,2025-04-06,169.51,177.29,214.61,177.2,STOP_LOSS,4.33,4.64,48.62,4.59,26.61,5.8
choppy_recovery 2025-02..05,SWING,NSE:AARTIPHARM,Unknown,SMC_SWING_SCORE_70_HIGH_CONVICTION_BEARISH_BOS,BOS_other,2025-04-06,2025-04-06,2025-04-06,582.48,681.5,1050.94,681.16,STOP_LOSS,16.74,17.06,48.95,17.0,80.43,4.73
choppy_recovery 2025-02..05,SWING,NSE:ALEMBICLTD,Unknown,SMC_SWING_SCORE_70_HIGH_CONVICTION_NEUTRAL,other,2025-04-06,2025-04-06,2025-04-29,90.65,84.76,111.84,97.81,TIME_EXIT,7.7,8.01,40.92,6.5,23.38,3.6
choppy_recovery 2025-02..05,SWING,NSE:ADANIPORTS,Infra,SMC_SWING_STRONG_BULL_BULLISH_CHOCH,CHOCH_reversal,2025-04-20,2025-04-20,2025-04-24,1253.93,1190.64,1441.29,1190.04,STOP_LOSS,-5.29,-5.0,67.38,5.05,14.94,2.96
choppy_recovery 2025-02..05,SWING,NSE:ADANIENSOL,Unknown,SMC_SWING_SCORE_100_HIGH_CONVICTION_BULLISH_CHOCH,CHOCH_reversal,2025-04-20,2025-04-20,2025-05-11,924.46,773.68,981.44,893.85,TIME_EXIT,-3.51,-3.21,63.5,16.31,6.16,0.38
choppy_recovery 2025-02..05,SWING,NSE:APLAPOLLO,Unknown,SMC_SWING_SCORE_100_HIGH_CONVICTION_BULLISH_CHOCH,CHOCH_reversal,2025-04-20,2025-04-20,2025-05-11,1586.66,1387.27,1841.55,1705.99,TIME_EXIT,7.32,7.63,61.67,12.57,16.06,1.28
choppy_recovery 2025-02..05,SWING,NSE:360ONE,Unknown,SMC_SWING_SCORE_100_HIGH_CONVICTION_BULLISH_CHOCH,CHOCH_reversal,2025-04-20,2025-04-20,2025-05-11,952.18,768.64,1539.04,951.13,TIME_EXIT,-0.31,-0.01,61.62,19.28,61.63,3.2
choppy_recovery 2025-02..05,SWING,NSE:ABCAPITAL,Unknown,SMC_SWING_SCORE_100_HIGH_CONVICTION_BULLISH_CHOCH,CHOCH_reversal,2025-04-20,2025-04-20,2025-05-11,200.0,160.75,250.75,205.44,TIME_EXIT,2.52,2.82,58.09,19.62,25.37,1.29
choppy_recovery 2025-02..05,SWING,NSE:ABSLAMC,Unknown,SMC_SWING_SCORE_70_HIGH_CONVICTION_NEUTRAL,other,2025-04-29,2025-04-29,2025-05-20,657.28,536.83,943.23,690.86,TIME_EXIT,4.91,5.21,53.66,18.33,43.51,2.37
choppy_recovery 2025-02..05,SWING,NSE:AMBUJACEM,Cement,SMC_SWING_SCORE_70_HIGH_CONVICTION_NEUTRAL,other,2025-04-29,2025-04-29,2025-05-20,538.3,475.97,703.41,565.45,TIME_EXIT,4.84,5.15,45.44,11.58,30.67,2.65
choppy_recovery 2025-02..05,SWING,NSE:AIIL,Unknown,SMC_SWING_SCORE_70_HIGH_CONVICTION_NEUTRAL,other,2025-04-29,2025-04-29,2025-05-20,359.76,278.98,539.7,442.92,TIME_EXIT,22.91,23.24,41.24,22.45,50.02,2.23
choppy_recovery 2025-02..05,SWING,NSE:AARTIPHARM,Unknown,SMC_SWING_SCORE_70_HIGH_CONVICTION_NEUTRAL,other,2025-04-29,2025-04-29,2025-05-20,737.36,565.51,926.79,870.46,TIME_EXIT,17.85,18.17,39.04,23.31,25.69,1.1
choppy_recovery 2025-02..05,SWING,NSE:ABCAPITAL,Unknown,SMC_SWING_SCORE_70_HIGH_CONVICTION_NEUTRAL,other,2025-04-29,2025-04-29,2025-05-20,199.7,168.36,252.92,221.35,TIME_EXIT,10.64,10.95,37.46,15.69,26.65,1.7
deteriorating 2025-09..12,SWING,NSE:ANANDRATHI,Unknown,SMC_SWING_SCORE_100_HIGH_CONVICTION_BULLISH_CHOCH,CHOCH_reversal,2025-09-01,2025-09-01,2025-09-01,2910.1,2456.52,2894.4,2892.95,TARGET_HIT,-0.79,-0.49,94.33,15.59,0.54,0.03
deteriorating 2025-09..12,SWING,NSE:AIIL,Unknown,SMC_SWING_SCORE_70_HIGH_CONVICTION_NEUTRAL,other,2025-09-01,2025-09-01,2025-09-21,643.14,494.81,807.21,606.72,TIME_EXIT,-5.86,-5.57,73.47,23.06,25.51,1.11
deteriorating 2025-09..12,SWING,NSE:ABFRL,Unknown,SMC_SWING_SCORE_70_HIGH_CONVICTION_NEUTRAL,other,2025-09-01,2025-09-01,2025-09-04,83.65,70.72,85.64,85.6,TARGET_HIT,2.13,2.43,58.94,15.46,2.38,0.15
deteriorating 2025-09..12,SWING,NSE:ACUTAAS,Unknown,SMC_SWING_SCORE_70_HIGH_CONVICTION_NEUTRAL,other,2025-09-01,2025-09-01,2025-09-04,1414.27,1234.59,1446.75,1446.03,TARGET_HIT,2.05,2.35,54.63,12.7,2.3,0.18
deteriorating 2025-09..12,SWING,NSE:AMBER,Unknown,SMC_SWING_SCORE_70_HIGH_CONVICTION_BULLISH_CHOCH,CHOCH_reversal,2025-09-01,2025-09-01,2025-09-03,7653.82,6598.36,7864.92,7860.99,TARGET_HIT,2.51,2.81,50.37,13.79,2.76,0.2
deteriorating 2025-09..12,SWING,NSE:APLAPOLLO,Unknown,SMC_SWING_SCORE_100_HIGH_CONVICTION_BULLISH_BOS,BOS_continuation,2025-09-10,2025-09-10,2025-09-30,1677.84,1554.73,1930.41,1730.23,TIME_EXIT,2.92,3.23,48.55,7.34,15.05,2.05
deteriorating 2025-09..12,SWING,NSE:AFCONS,Unknown,SMC_SWING_SCORE_100_HIGH_CONVICTION_BULLISH_BOS,BOS_continuation,2025-09-10,2025-09-10,2025-09-30,448.12,413.99,485.95,454.07,TIME_EXIT,1.13,1.43,47.36,7.62,8.44,1.11
deteriorating 2025-09..12,SWING,NSE:ADANIENSOL,Unknown,SMC_SWING_SCORE_100_HIGH_CONVICTION_BULLISH_CHOCH,CHOCH_reversal,2025-09-10,2025-09-10,2025-09-30,814.41,742.22,1081.02,895.9,TIME_EXIT,9.81,10.12,42.3,8.86,32.74,3.69
deteriorating 2025-09..12,SWING,NSE:ADANIENT,Infra,SMC_SWING_SCORE_100_HIGH_CONVICTION_BULLISH_BOS,BOS_continuation,2025-09-10,2025-09-10,2025-09-30,2349.17,2233.29,2836.93,2591.4,TIME_EXIT,10.11,10.42,39.74,4.93,20.76,4.21
deteriorating 2025-09..12,SWING,NSE:ABSLAMC,Unknown,SMC_SWING_SCORE_70_HIGH_CONVICTION_BULLISH_CHOCH,CHOCH_reversal,2025-09-10,2025-09-10,2025-09-16,866.98,817.45,1127.65,817.04,STOP_LOSS,-5.96,-5.67,64.35,5.71,30.07,5.26
deteriorating 2025-09..12,SWING,NSE:ADANIPOWER,Unknown,SMC_SWING_SCORE_100_HIGH_CONVICTION_BULLISH_BOS,BOS_continuation,2025-09-21,2025-09-21,2025-09-21,148.27,114.76,141.0,140.93,TARGET_HIT,-5.15,-4.86,94.03,22.6,4.9,0.22
deteriorating 2025-09..12,SWING,NSE:ANANTRAJ,Unknown,SMC_SWING_SCORE_100_HIGH_CONVICTION_BULLISH_BOS,BOS_continuation,2025-09-21,2025-09-21,2025-09-21,644.72,492.61,618.37,618.06,TARGET_HIT,-4.34,-4.04,78.75,23.59,4.09,0.17
deteriorating 2025-09..12,SWING,NSE:ADANIPORTS,Infra,SMC_SWING_BULLISH_BULLISH_BOS,BOS_continuation,2025-09-21,2025-09-21,2025-10-12,1433.72,1348.1,1631.9,1437.08,TIME_EXIT,0.03,0.33,77.51,5.97,13.82,2.31
deteriorating 2025-09..12,SWING,NSE:ADANIGREEN,Energy,SMC_SWING_SCORE_100_HIGH_CONVICTION_BULLISH_BOS,BOS_continuation,2025-09-21,2025-09-21,2025-09-21,1040.52,904.91,1030.19,1029.67,TARGET_HIT,-1.24,-0.94,65.2,13.03,0.99,0.08
deteriorating 2025-09..12,SWING,NSE:ADANIENSOL,Unknown,SMC_SWING_SCORE_100_HIGH_CONVICTION_BULLISH_BOS,BOS_continuation,2025-09-21,2025-09-21,2025-09-21,881.89,741.74,856.58,856.15,TARGET_HIT,-3.12,-2.82,65.09,15.89,2.87,0.18
deteriorating 2025-09..12,SWING,NSE:AGIIL,Unknown,SMC_SWING_SCORE_70_HIGH_CONVICTION_NEUTRAL,other,2025-09-30,2025-09-30,2025-09-30,258.13,226.18,264.26,264.13,TARGET_HIT,2.12,2.43,66.61,12.38,2.37,0.19
deteriorating 2025-09..12,SWING,NSE:ABCAPITAL,Unknown,SMC_SWING_SCORE_70_HIGH_CONVICTION_NEUTRAL,other,2025-09-30,2025-09-30,2025-10-22,292.65,271.56,342.72,307.85,TIME_EXIT,4.99,5.3,51.21,7.21,17.11,2.37
deteriorating 2025-09..12,SWING,NSE:AMBER,Unknown,SMC_SWING_SCORE_70_HIGH_CONVICTION_BEARISH_CHOCH,CHOCH_reversal,2025-09-30,2025-09-30,2025-10-22,8149.07,7347.86,10927.42,8295.85,TIME_EXIT,1.6,1.9,47.24,9.83,34.09,3.47
deteriorating 2025-09..12,SWING,NSE:ANANTRAJ,Unknown,SMC_SWING_SCORE_70_HIGH_CONVICTION_NEUTRAL,other,2025-09-30,2025-09-30,2025-09-30,698.35,487.96,659.92,659.59,TARGET_HIT,-5.75,-5.46,46.0,30.13,5.5,0.18
deteriorating 2025-09..12,SWING,NSE:AEGISVOPAK,Unknown,SMC_SWING_SCORE_70_HIGH_CONVICTION_NEUTRAL,other,2025-09-30,2025-09-30,2025-10-22,262.08,228.53,314.29,289.06,TIME_EXIT,10.09,10.4,39.66,12.8,19.92,1.56
deteriorating 2025-09..12,SWING,NSE:AIIL,Unknown,SMC_SWING_SCORE_100_HIGH_CONVICTION_BULLISH_CHOCH,CHOCH_reversal,2025-10-12,2025-10-12,2025-10-29,660.33,585.15,675.19,584.86,STOP_LOSS,-11.63,-11.34,68.13,11.39,2.25,0.2
deteriorating 2025-09..12,SWING,NSE:ACUTAAS,Unknown,SMC_SWING_SCORE_100_HIGH_CONVICTION_BULLISH_BOS,BOS_continuation,2025-10-12,2025-10-12,2025-11-02,1468.23,1295.25,1947.05,1809.49,TIME_EXIT,23.04,23.37,66.67,11.78,32.61,2.77
deteriorating 2025-09..12,SWING,NSE:AARTIDRUGS,Unknown,SMC_SWING_SCORE_100_HIGH_CONVICTION_BULLISH_BOS,BOS_continuation,2025-10-12,2025-10-12,2025-11-02,510.62,461.53,686.41,500.51,TIME_EXIT,-2.18,-1.88,48.83,9.61,34.43,3.58
deteriorating 2025-09..12,SWING,NSE:APLLTD,Unknown,SMC_SWING_SCORE_100_HIGH_CONVICTION_BULLISH_BOS,BOS_continuation,2025-10-12,2025-10-12,2025-11-02,942.47,881.67,1175.67,923.74,TIME_EXIT,-2.19,-1.89,40.84,6.45,24.74,3.84
deteriorating 2025-09..12,SWING,NSE:AGIIL,Unknown,SMC_SWING_SCORE_70_HIGH_CONVICTION_NEUTRAL,other,2025-10-12,2025-10-12,2025-11-02,289.54,215.83,296.11,267.97,TIME_EXIT,-7.65,-7.36,84.97,25.46,2.27,0.09
deteriorating 2025-09..12,SWING,NSE:ABDL,Unknown,SMC_SWING_SCORE_100_HIGH_CONVICTION_BULLISH_CHOCH,CHOCH_reversal,2025-10-22,2025-10-22,2025-10-22,610.1,484.92,591.24,590.94,TARGET_HIT,-3.34,-3.04,80.41,20.52,3.09,0.15
deteriorating 2025-09..12,SWING,NSE:ACUTAAS,Unknown,SMC_SWING_SCORE_100_HIGH_CONVICTION_BULLISH_BOS,BOS_continuation,2025-10-22,2025-10-22,2025-10-22,1790.89,1238.34,1605.98,1605.18,TARGET_HIT,-10.57,-10.28,69.84,30.85,10.33,0.33
deteriorating 2025-09..12,SWING,NSE:360ONE,Unknown,SMC_SWING_SCORE_100_HIGH_CONVICTION_BULLISH_BOS,BOS_continuation,2025-10-22,2025-10-22,2025-10-22,1148.04,975.66,1128.54,1127.98,TARGET_HIT,-1.95,-1.65,53.88,15.02,1.7,0.11
deteriorating 2025-09..12,SWING,NSE:ACE,Unknown,SMC_SWING_SCORE_100_HIGH_CONVICTION_BULLISH_BOS,BOS_continuation,2025-10-22,2025-10-22,2025-11-06,1120.56,1038.87,1167.39,1038.35,STOP_LOSS,-7.54,-7.24,41.08,7.29,4.18,0.57
deteriorating 2025-09..12,SWING,NSE:3MINDIA,Unknown,SMC_SWING_SCORE_100_HIGH_CONVICTION_BULLISH_CHOCH,CHOCH_reversal,2025-10-22,2025-10-22,2025-11-03,30015.0,28263.38,31759.86,31743.98,TARGET_HIT,5.56,5.87,40.62,5.84,5.81,1.0
deteriorating 2025-09..12,SWING,NSE:ABCAPITAL,Unknown,SMC_SWING_STRONG_BULL_BULLISH_BOS,BOS_continuation,2025-11-02,2025-11-02,2025-11-23,325.81,301.99,365.55,331.68,TIME_EXIT,1.6,1.9,80.09,7.31,12.2,1.67
deteriorating 2025-09..12,SWING,NSE:ABDL,Unknown,SMC_SWING_SCORE_100_HIGH_CONVICTION_BULLISH_BOS,BOS_continuation,2025-11-02,2025-11-02,2025-11-02,666.33,500.19,627.63,627.32,TARGET_HIT,-6.06,-5.76,88.56,24.93,5.81,0.23
deteriorating 2025-09..12,SWING,NSE:ADANIGREEN,Energy,SMC_SWING_SCORE_100_HIGH_CONVICTION_BULLISH_CHOCH,CHOCH_reversal,2025-11-02,2025-11-02,2025-11-23,1140.57,993.54,1230.58,1008.9,TIME_EXIT,-11.74,-11.46,54.94,12.89,7.89,0.61
deteriorating 2025-09..12,SWING,NSE:AEROFLEX,Unknown,SMC_SWING_SCORE_70_HIGH_CONVICTION_NEUTRAL,other,2025-11-02,2025-11-02,2025-11-02,189.86,161.84,192.84,192.74,TARGET_HIT,1.32,1.62,57.48,14.76,1.57,0.11
deteriorating 2025-09..12,SWING,NSE:ADANIENSOL,Unknown,SMC_SWING_SCORE_70_HIGH_CONVICTION_NEUTRAL,other,2025-11-02,2025-11-02,2025-11-12,987.49,888.56,1030.24,1029.72,TARGET_HIT,4.08,4.38,55.38,10.02,4.33,0.43
deteriorating 2025-09..12,SWING,NSE:ANGELONE,Unknown,SMC_SWING_STRONG_BULL_BULLISH_BOS,BOS_continuation,2025-11-12,2025-11-12,2025-12-02,263.87,242.31,288.63,262.64,TIME_EXIT,-0.67,-0.37,62.32,8.17,9.38,1.15
deteriorating 2025-09..12,SWING,NSE:ADANIPORTS,Infra,SMC_SWING_SCORE_100_HIGH_CONVICTION_BULLISH_CHOCH,CHOCH_reversal,2025-11-12,2025-11-12,2025-12-02,1515.76,1405.42,1686.74,1496.95,TIME_EXIT,-1.44,-1.14,76.52,7.28,11.28,1.55
deteriorating 2025-09..12,SWING,NSE:AIAENG,Unknown,SMC_SWING_SCORE_100_HIGH_CONVICTION_BULLISH_CHOCH,CHOCH_reversal,2025-11-12,2025-11-12,2025-11-19,3581.79,3173.26,3818.02,3816.11,TARGET_HIT,6.34,6.65,69.76,11.41,6.6,0.58
deteriorating 2025-09..12,SWING,NSE:ALKEM,Pharma,SMC_SWING_SCORE_100_HIGH_CONVICTION_BULLISH_BOS,BOS_continuation,2025-11-12,2025-11-12,2025-12-02,5750.54,5262.84,6222.04,5599.54,TIME_EXIT,-2.83,-2.53,68.07,8.48,8.2,0.97
deteriorating 2025-09..12,SWING,NSE:AAVAS,Unknown,SMC_SWING_SCORE_100_HIGH_CONVICTION_BULLISH_CHOCH,CHOCH_reversal,2025-11-12,2025-11-12,2025-11-27,1704.85,1553.76,2040.72,1552.98,STOP_LOSS,-9.11,-8.82,65.88,8.86,19.7,2.22
deteriorating 2025-09..12,SWING,NSE:ANURAS,Unknown,SMC_SWING_SCORE_100_HIGH_CONVICTION_BULLISH_CHOCH,CHOCH_reversal,2025-11-23,2025-11-23,2025-11-23,1253.63,1025.84,1199.08,1198.48,TARGET_HIT,-4.6,-4.3,95.84,18.17,4.35,0.24
deteriorating 2025-09..12,SWING,NSE:AETHER,Unknown,SMC_SWING_SCORE_100_HIGH_CONVICTION_BULLISH_CHOCH,CHOCH_reversal,2025-11-23,2025-11-23,2025-11-23,920.46,718.92,892.32,891.87,TARGET_HIT,-3.31,-3.01,79.1,21.9,3.06,0.14
deteriorating 2025-09..12,SWING,NSE:360ONE,Unknown,SMC_SWING_SCORE_100_HIGH_CONVICTION_BULLISH_CHOCH,CHOCH_reversal,2025-11-23,2025-11-23,2025-11-27,1141.55,1030.09,1178.53,1177.94,TARGET_HIT,2.99,3.29,69.23,9.76,3.24,0.33
deteriorating 2025-09..12,SWING,NSE:AGIIL,Unknown,SMC_SWING_SCORE_100_HIGH_CONVICTION_BULLISH_CHOCH,CHOCH_reversal,2025-11-23,2025-11-23,2025-12-11,285.14,244.4,312.0,263.82,TIME_EXIT,-7.68,-7.39,62.37,14.29,9.42,0.66
deteriorating 2025-09..12,SWING,NSE:AIAENG,Unknown,SMC_SWING_SCORE_70_HIGH_CONVICTION_NEUTRAL,other,2025-11-23,2025-11-23,2025-11-23,3692.85,3168.79,3747.43,3745.56,TARGET_HIT,1.23,1.53,53.55,14.19,1.48,0.1
lt_early2025 2025-01..03,LONGTERM,NSE:ACE,Unknown,SMC_LONGTERM_SCORE_100_HIGH_CONVICTION_BULLISH_CHOCH,CHOCH_reversal,2025-01-01,2025-01-01,2025-01-12,1556.26,1293.5,1842.99,1292.85,STOP_LOSS,-17.13,-16.84,76.76,16.88,18.42,1.09
lt_early2025 2025-01..03,LONGTERM,NSE:APARINDS,Unknown,SMC_LONGTERM_SCORE_100_HIGH_CONVICTION_BULLISH_BOS,BOS_continuation,2025-01-01,2025-01-01,2025-01-23,10430.59,9296.12,11738.4,9291.47,STOP_LOSS,-11.12,-10.83,52.39,10.88,12.54,1.15
lt_early2025 2025-01..03,LONGTERM,NSE:ALKEM,Pharma,SMC_LONGTERM_SCORE_100_HIGH_CONVICTION_BULLISH_CHOCH,CHOCH_reversal,2025-01-01,2025-01-01,2025-01-14,5505.37,5081.12,6123.91,5078.58,STOP_LOSS,-7.95,-7.66,43.41,7.71,11.24,1.46
lt_early2025 2025-01..03,LONGTERM,NSE:AARTIPHARM,Unknown,SMC_LONGTERM_SCORE_70_HIGH_CONVICTION_NEUTRAL,other,2025-01-01,2025-01-01,2025-02-17,697.49,541.94,818.15,817.74,TARGET_HIT,17.04,17.36,63.16,22.3,17.3,0.78
lt_early2025 2025-01..03,LONGTERM,NSE:ABDL,Unknown,SMC_LONGTERM_SCORE_70_HIGH_CONVICTION_NEUTRAL,other,2025-01-01,2025-01-01,2025-02-13,427.65,333.86,511.38,333.69,STOP_LOSS,-22.17,-21.89,62.0,21.93,19.58,0.89
lt_early2025 2025-01..03,LONGTERM,NSE:AARTIIND,Chemicals,SMC_LONGTERM_SCORE_100_HIGH_CONVICTION_BULLISH_BOS,BOS_continuation,2025-01-21,2025-01-21,2025-02-27,454.82,378.87,526.38,378.68,STOP_LOSS,-16.94,-16.66,66.12,16.7,15.73,0.94
lt_early2025 2025-01..03,LONGTERM,NSE:AIAENG,Unknown,SMC_LONGTERM_SCORE_100_HIGH_CONVICTION_BULLISH_CHOCH,CHOCH_reversal,2025-01-21,2025-01-21,2025-02-24,3558.23,3190.15,3983.36,3188.55,STOP_LOSS,-10.59,-10.3,45.48,10.34,11.95,1.15
lt_early2025 2025-01..03,LONGTERM,NSE:AAVAS,Unknown,SMC_LONGTERM_SCORE_70_HIGH_CONVICTION_NEUTRAL,other,2025-01-21,2025-01-21,2025-03-12,1701.55,1617.29,1877.43,1876.49,TARGET_HIT,10.08,10.39,57.06,4.95,10.34,2.09
lt_early2025 2025-01..03,LONGTERM,NSE:APLAPOLLO,Unknown,SMC_LONGTERM_SCORE_70_HIGH_CONVICTION_NEUTRAL,other,2025-01-21,2025-01-21,2025-02-03,1583.27,1402.33,2312.32,1401.63,STOP_LOSS,-11.67,-11.38,56.13,11.43,46.05,4.03
lt_early2025 2025-01..03,LONGTERM,NSE:AEROFLEX,Unknown,SMC_LONGTERM_SCORE_70_HIGH_CONVICTION_NEUTRAL,other,2025-01-21,2025-01-21,2025-02-27,234.12,172.73,350.07,172.64,STOP_LOSS,-26.46,-26.18,53.01,26.22,49.53,1.89
lt_early2025 2025-01..03,LONGTERM,NSE:AARTIPHARM,Unknown,SMC_LONGTERM_SCORE_100_HIGH_CONVICTION_BULLISH_CHOCH,CHOCH_reversal,2025-02-09,2025-02-09,2025-06-23,728.35,557.73,1055.25,849.12,TIME_EXIT,16.38,16.7,90.06,23.43,44.88,1.92
lt_early2025 2025-01..03,LONGTERM,NSE:ABBOTINDIA,Unknown,SMC_LONGTERM_SCORE_100_HIGH_CONVICTION_BULLISH_BOS,BOS_continuation,2025-02-09,2025-02-09,2025-06-23,28720.55,24862.15,36659.75,31086.28,TIME_EXIT,8.04,8.35,75.27,13.43,27.64,2.06
lt_early2025 2025-01..03,LONGTERM,NSE:AGIIL,Unknown,SMC_LONGTERM_SCORE_100_HIGH_CONVICTION_BULLISH_BOS,BOS_continuation,2025-02-09,2025-02-09,2025-04-06,187.95,149.01,218.76,148.94,STOP_LOSS,-20.96,-20.68,64.42,20.72,16.39,0.79
lt_early2025 2025-01..03,LONGTERM,NSE:ADANIENSOL,Unknown,SMC_LONGTERM_SCORE_100_HIGH_CONVICTION_BULLISH_CHOCH,CHOCH_reversal,2025-02-09,2025-02-09,2025-02-16,777.29,695.56,1232.68,695.21,STOP_LOSS,-10.76,-10.47,43.92,10.51,58.59,5.57
lt_early2025 2025-01..03,LONGTERM,NSE:ABREL,Unknown,SMC_LONGTERM_SCORE_100_HIGH_CONVICTION_BULLISH_BOS,BOS_continuation,2025-02-09,2025-02-09,2025-06-23,2249.51,1627.65,2643.16,2412.93,TIME_EXIT,7.06,7.37,43.89,27.64,17.5,0.63
lt_mid2025 2025-06..08,LONGTERM,NSE:ANURAS,Unknown,SMC_LONGTERM_STRONG_BULL_BULLISH_BOS,BOS_continuation,2025-06-01,2025-06-01,2025-06-09,1003.85,810.95,1093.03,1092.48,TARGET_HIT,8.63,8.94,74.46,19.22,8.88,0.46
lt_mid2025 2025-06..08,LONGTERM,NSE:ABSLAMC,Unknown,SMC_LONGTERM_STRONG_BULL_BULLISH_BOS,BOS_continuation,2025-06-01,2025-06-01,2025-07-09,730.31,610.61,823.01,822.6,TARGET_HIT,12.44,12.75,59.44,16.39,12.69,0.77
lt_mid2025 2025-06..08,LONGTERM,NSE:ANANTRAJ,Unknown,SMC_LONGTERM_SCORE_100_HIGH_CONVICTION_BULLISH_BOS,BOS_continuation,2025-06-01,2025-06-01,2025-06-08,564.8,410.5,597.16,596.86,TARGET_HIT,5.48,5.78,75.42,27.32,5.73,0.21
lt_mid2025 2025-06..08,LONGTERM,NSE:AIAENG,Unknown,SMC_LONGTERM_SCORE_100_HIGH_CONVICTION_BULLISH_BOS,BOS_continuation,2025-06-01,2025-06-01,2025-08-03,3479.55,3050.58,3861.84,3049.05,STOP_LOSS,-12.57,-12.28,59.31,12.33,10.99,0.89
lt_mid2025 2025-06..08,LONGTERM,NSE:APARINDS,Unknown,SMC_LONGTERM_SCORE_100_HIGH_CONVICTION_BULLISH_BOS,BOS_continuation,2025-06-01,2025-06-01,2025-07-28,8106.08,5341.31,9728.99,9724.13,TARGET_HIT,19.76,20.08,55.0,34.11,20.02,0.59
lt_mid2025 2025-06..08,LONGTERM,NSE:ABCAPITAL,Unknown,SMC_LONGTERM_STRONG_BULL_BULLISH_BOS,BOS_continuation,2025-06-19,2025-06-19,2025-08-17,255.63,211.09,284.53,284.39,TARGET_HIT,11.05,11.36,68.18,17.42,11.31,0.65
lt_mid2025 2025-06..08,LONGTERM,NSE:AEROFLEX,Unknown,SMC_LONGTERM_STRONG_BULL_NEUTRAL,other,2025-06-19,2025-06-19,2025-08-27,191.82,170.18,229.38,170.09,STOP_LOSS,-11.52,-11.24,76.96,11.28,19.58,1.74
lt_mid2025 2025-06..08,LONGTERM,NSE:AFFLE,Unknown,SMC_LONGTERM_NEUTRAL_BULLISH_BOS,BOS_continuation,2025-06-19,2025-06-19,2025-10-28,1898.95,1648.82,2222.34,1908.75,TIME_EXIT,0.32,0.62,54.43,13.17,17.03,1.29
lt_mid2025 2025-06..08,LONGTERM,NSE:AGARWALEYE,Unknown,SMC_LONGTERM_BULLISH_BULLISH_CHOCH,CHOCH_reversal,2025-06-19,2025-06-19,2025-07-29,407.2,341.3,460.02,459.79,TARGET_HIT,12.71,13.03,48.13,16.18,12.97,0.8
lt_mid2025 2025-06..08,LONGTERM,NSE:ANANDRATHI,Unknown,SMC_LONGTERM_SCORE_70_HIGH_CONVICTION_NEUTRAL,other,2025-06-19,2025-06-19,2025-07-13,2040.06,1815.87,2472.51,2471.27,TARGET_HIT,20.94,21.26,62.73,10.99,21.2,1.93
lt_mid2025 2025-06..08,LONGTERM,NSE:63MOONS,Unknown,SMC_LONGTERM_BULLISH_BULLISH_BOS,BOS_continuation,2025-07-09,2025-07-09,2025-09-24,1095.13,888.47,1197.51,888.03,STOP_LOSS,-19.11,-18.83,73.4,18.87,9.35,0.5
lt_mid2025 2025-06..08,LONGTERM,NSE:ACI,Unknown,SMC_LONGTERM_SCORE_100_HIGH_CONVICTION_BULLISH_BOS,BOS_continuation,2025-07-09,2025-07-09,2025-11-18,674.34,573.2,760.94,572.91,STOP_LOSS,-15.24,-14.96,69.52,15.0,12.84,0.86
lt_mid2025 2025-06..08,LONGTERM,NSE:AJAXENGG,Unknown,SMC_LONGTERM_SCORE_100_HIGH_CONVICTION_BULLISH_CHOCH,CHOCH_reversal,2025-07-09,2025-07-09,2025-11-18,698.4,555.99,731.9,658.97,TIME_EXIT,-5.85,-5.55,66.63,20.39,4.8,0.24
lt_mid2025 2025-06..08,LONGTERM,NSE:AMBER,Unknown,SMC_LONGTERM_STRONG_BULL_BULLISH_BOS,BOS_continuation,2025-07-09,2025-07-09,2025-11-18,7683.34,6538.44,8812.68,7407.29,TIME_EXIT,-3.79,-3.5,55.88,14.9,14.7,0.99
lt_mid2025 2025-06..08,LONGTERM,NSE:3MINDIA,Unknown,SMC_LONGTERM_SCORE_100_HIGH_CONVICTION_BULLISH_CHOCH,CHOCH_reversal,2025-07-09,2025-07-09,2025-07-21,29065.5,27140.0,30917.21,30901.75,TARGET_HIT,6.12,6.42,45.0,6.62,6.37,0.96
lt_mid2025 2025-06..08,LONGTERM,NSE:APARINDS,Unknown,SMC_LONGTERM_SCORE_100_HIGH_CONVICTION_BULLISH_BOS,BOS_continuation,2025-07-29,2025-07-29,2025-08-19,9714.85,8347.15,11566.63,8342.98,STOP_LOSS,-14.32,-14.04,77.96,14.08,19.06,1.35
lt_mid2025 2025-06..08,LONGTERM,NSE:AADHARHFC,Unknown,SMC_LONGTERM_BULLISH_BULLISH_BOS,BOS_continuation,2025-07-29,2025-07-29,2025-12-08,509.35,440.43,593.63,487.71,TIME_EXIT,-4.45,-4.15,45.32,13.53,16.55,1.22
lt_mid2025 2025-06..08,LONGTERM,NSE:AMBER,Unknown,SMC_LONGTERM_BULLISH_NEUTRAL,other,2025-07-29,2025-07-29,2025-12-04,7815.41,6538.44,8812.68,6535.17,STOP_LOSS,-16.58,-16.3,76.02,16.34,12.76,0.78
lt_mid2025 2025-06..08,LONGTERM,NSE:AIIL,Unknown,SMC_LONGTERM_BULLISH_BULLISH_BOS,BOS_continuation,2025-07-29,2025-07-29,2025-08-25,568.3,469.36,631.92,631.6,TARGET_HIT,10.94,11.25,55.35,17.41,11.19,0.64
lt_mid2025 2025-06..08,LONGTERM,NSE:ABDL,Unknown,SMC_LONGTERM_BULLISH_NEUTRAL,other,2025-07-29,2025-07-29,2025-09-14,500.25,407.45,549.17,548.9,TARGET_HIT,9.52,9.83,55.44,18.55,9.78,0.53
sideways_down 2024-10..2025-01,SWING,NSE:APLAPOLLO,Unknown,SMC_SWING_SCORE_100_HIGH_CONVICTION_BULLISH_CHOCH,CHOCH_reversal,2024-10-02,2024-10-02,2024-10-02,1606.2,1364.7,1570.1,1569.31,TARGET_HIT,-2.5,-2.2,69.77,15.04,2.25,0.15
sideways_down 2024-10..2025-01,SWING,NSE:ABCAPITAL,Unknown,SMC_SWING_SCORE_100_HIGH_CONVICTION_BULLISH_BOS,BOS_continuation,2024-10-02,2024-10-02,2024-10-02,244.12,207.76,242.28,242.16,TARGET_HIT,-1.0,-0.7,68.46,14.89,0.75,0.05
sideways_down 2024-10..2025-01,SWING,NSE:ABB,Unknown,SMC_SWING_SCORE_100_HIGH_CONVICTION_BULLISH_BOS,BOS_continuation,2024-10-02,2024-10-02,2024-10-22,8106.61,7228.11,8987.39,7607.52,TIME_EXIT,-6.36,-6.06,58.98,10.84,10.86,1.0
sideways_down 2024-10..2025-01,SWING,NSE:ADANIENT,Infra,SMC_SWING_SCORE_100_HIGH_CONVICTION_BULLISH_CHOCH,CHOCH_reversal,2024-10-02,2024-10-02,2024-10-21,3150.01,2879.13,3272.73,2877.69,STOP_LOSS,-8.85,-8.55,48.87,8.6,3.9,0.45
sideways_down 2024-10..2025-01,SWING,NSE:ACI,Unknown,SMC_SWING_SCORE_100_HIGH_CONVICTION_BULLISH_CHOCH,CHOCH_reversal,2024-10-02,2024-10-02,2024-10-06,697.53,675.98,803.86,675.64,STOP_LOSS,-3.34,-3.04,45.07,3.09,15.24,4.93
sideways_down 2024-10..2025-01,SWING,NSE:ANANDRATHI,Unknown,SMC_SWING_SCORE_100_HIGH_CONVICTION_BULLISH_BOS,BOS_continuation,2024-10-13,2024-10-13,2024-10-31,2007.26,1828.11,2210.03,2059.34,TIME_EXIT,2.39,2.7,72.91,8.93,10.1,1.13
sideways_down 2024-10..2025-01,SWING,NSE:ANANTRAJ,Unknown,SMC_SWING_SCORE_100_HIGH_CONVICTION_BULLISH_CHOCH,CHOCH_reversal,2024-10-13,2024-10-13,2024-10-31,749.42,626.45,993.89,755.91,TIME_EXIT,0.67,0.97,70.49,16.41,32.62,1.99
sideways_down 2024-10..2025-01,SWING,NSE:63MOONS,Unknown,SMC_SWING_SCORE_100_HIGH_CONVICTION_BULLISH_CHOCH,CHOCH_reversal,2024-10-13,2024-10-13,2024-10-30,445.65,346.87,567.11,566.83,TARGET_HIT,26.99,27.32,65.25,22.17,27.25,1.23
sideways_down 2024-10..2025-01,SWING,NSE:APARINDS,Unknown,SMC_SWING_SCORE_100_HIGH_CONVICTION_BULLISH_CHOCH,CHOCH_reversal,2024-10-13,2024-10-13,2024-10-31,10383.74,9053.58,11752.94,10009.5,TIME_EXIT,-3.8,-3.51,64.34,12.81,13.19,1.03
sideways_down 2024-10..2025-01,SWING,NSE:AGI,Unknown,SMC_SWING_SCORE_70_HIGH_CONVICTION_BULLISH_BOS,BOS_continuation,2024-10-13,2024-10-13,2024-10-31,1031.48,804.66,1060.1,950.23,TIME_EXIT,-8.08,-7.78,86.9,21.99,2.77,0.13
sideways_down 2024-10..2025-01,SWING,NSE:AMBER,Unknown,SMC_SWING_SCORE_100_HIGH_CONVICTION_BULLISH_BOS,BOS_continuation,2024-10-22,2024-10-22,2024-11-11,5775.09,4482.45,7174.85,6132.28,TIME_EXIT,5.99,6.29,75.95,22.38,24.24,1.08
sideways_down 2024-10..2025-01,SWING,NSE:ABBOTINDIA,Unknown,SMC_SWING_SCORE_70_HIGH_CONVICTION_NEUTRAL,other,2024-10-22,2024-10-22,2024-10-28,28615.95,27330.94,32691.7,27317.27,STOP_LOSS,-4.74,-4.44,47.51,4.49,14.24,3.17
sideways_down 2024-10..2025-01,SWING,NSE:360ONE,Unknown,SMC_SWING_SCORE_70_HIGH_CONVICTION_BEARISH_BOS,BOS_other,2024-10-22,2024-10-22,2024-11-11,998.61,916.04,1286.08,1020.75,TIME_EXIT,2.02,2.32,44.19,8.27,28.79,3.48
sideways_down 2024-10..2025-01,SWING,NSE:ADSL,Unknown,SMC_SWING_SCORE_70_HIGH_CONVICTION_NEUTRAL,other,2024-10-22,2024-10-22,2024-11-11,276.56,232.53,357.41,257.98,TIME_EXIT,-6.92,-6.63,42.01,15.92,29.23,1.84
sideways_down 2024-10..2025-01,SWING,NSE:ABREL,Unknown,SMC_SWING_SCORE_70_HIGH_CONVICTION_BEARISH_BOS,BOS_other,2024-10-22,2024-10-22,2024-10-24,2736.41,2564.24,3477.24,2562.96,STOP_LOSS,-6.54,-6.25,39.82,6.29,27.07,4.3
sideways_down 2024-10..2025-01,SWING,NSE:ANUP,Unknown,SMC_SWING_SCORE_100_HIGH_CONVICTION_BULLISH_BOS,BOS_continuation,2024-10-31,2024-10-31,2024-10-31,3454.17,2457.68,3456.88,3455.15,TARGET_HIT,-0.17,0.13,94.21,28.85,0.08,0.0
sideways_down 2024-10..2025-01,SWING,NSE:63MOONS,Unknown,SMC_SWING_SCORE_100_HIGH_CONVICTION_BULLISH_BOS,BOS_continuation,2024-10-31,2024-10-31,2024-11-24,595.53,344.61,1041.49,574.92,TIME_EXIT,-3.66,-3.36,71.07,42.13,74.88,1.78
sideways_down 2024-10..2025-01,SWING,NSE:ANANTRAJ,Unknown,SMC_SWING_SCORE_70_HIGH_CONVICTION_BULLISH_BOS,BOS_continuation,2024-10-31,2024-10-31,2024-11-24,747.47,628.57,1128.29,671.9,TIME_EXIT,-10.31,-10.02,59.44,15.91,50.95,3.2
sideways_down 2024-10..2025-01,SWING,NSE:3MINDIA,Unknown,SMC_SWING_SCORE_70_HIGH_CONVICTION_NEUTRAL,other,2024-10-31,2024-10-31,2024-11-13,35537.76,32445.44,37093.8,32429.22,STOP_LOSS,-8.95,-8.66,57.2,8.7,4.38,0.5
sideways_down 2024-10..2025-01,SWING,NSE:ABSLAMC,Unknown,SMC_SWING_SCORE_70_HIGH_CONVICTION_NEUTRAL,other,2024-10-31,2024-10-31,2024-11-03,778.95,632.66,805.34,804.94,TARGET_HIT,3.14,3.44,54.87,18.78,3.39,0.18
sideways_down 2024-10..2025-01,SWING,NSE:ANUP,Unknown,SMC_SWING_SCORE_70_HIGH_CONVICTION_NEUTRAL,other,2024-11-11,2024-11-11,2024-11-24,3412.12,2444.17,3762.29,3760.41,TARGET_HIT,10.01,10.32,53.64,28.37,10.26,0.36
sideways_down 2024-10..2025-01,SWING,NSE:AFFLE,Unknown,SMC_SWING_SCORE_70_HIGH_CONVICTION_NEUTRAL,other,2024-11-11,2024-11-11,2024-12-01,1608.9,1400.17,1732.69,1731.82,TARGET_HIT,7.44,7.75,51.74,12.97,7.69,0.59
sideways_down 2024-10..2025-01,SWING,NSE:ALEMBICLTD,Unknown,SMC_SWING_SCORE_70_HIGH_CONVICTION_NEUTRAL,other,2024-11-11,2024-11-11,2024-12-03,138.1,111.89,151.69,134.1,TIME_EXIT,-3.1,-2.8,50.87,18.98,9.84,0.52
sideways_down 2024-10..2025-01,SWING,NSE:AADHARHFC,Unknown,SMC_SWING_SCORE_70_HIGH_CONVICTION_NEUTRAL,other,2024-11-11,2024-11-11,2024-11-24,436.97,394.68,490.36,394.48,STOP_LOSS,-9.92,-9.63,36.97,9.68,12.22,1.26
sideways_down 2024-10..2025-01,SWING,NSE:ABREL,Unknown,SMC_SWING_SCORE_70_HIGH_CONVICTION_NEUTRAL,other,2024-11-11,2024-11-11,2024-11-12,2718.27,2541.52,3588.08,2540.25,STOP_LOSS,-6.75,-6.46,36.66,6.5,32.0,4.92
sideways_down 2024-10..2025-01,SWING,NSE:360ONE,Unknown,SMC_SWING_SCORE_100_HIGH_CONVICTION_BULLISH_CHOCH,CHOCH_reversal,2024-11-24,2024-11-24,2024-12-12,1081.04,959.62,1379.22,1166.04,TIME_EXIT,7.66,7.97,51.47,11.23,27.58,2.46
sideways_down 2024-10..2025-01,SWING,NSE:AJANTPHARM,Unknown,SMC_SWING_SCORE_100_HIGH_CONVICTION_BULLISH_CHOCH,CHOCH_reversal,2024-11-24,2024-11-24,2024-12-12,2943.52,2709.76,3758.12,2774.92,TIME_EXIT,-5.93,-5.63,43.81,7.94,27.67,3.48
sideways_down 2024-10..2025-01,SWING,NSE:ABSLAMC,Unknown,SMC_SWING_SCORE_70_HIGH_CONVICTION_NEUTRAL,other,2024-11-24,2024-11-24,2024-12-12,842.29,702.23,1085.79,809.83,TIME_EXIT,-4.05,-3.76,64.4,16.63,28.91,1.74
sideways_down 2024-10..2025-01,SWING,NSE:AMBER,Unknown,SMC_SWING_SCORE_70_HIGH_CONVICTION_BULLISH_BOS,BOS_continuation,2024-11-24,2024-11-24,2024-12-12,6628.31,5660.1,7031.62,5657.27,STOP_LOSS,-14.85,-14.56,50.24,14.61,6.08,0.42
sideways_down 2024-10..2025-01,SWING,NSE:63MOONS,Unknown,SMC_SWING_SCORE_70_HIGH_CONVICTION_NEUTRAL,other,2024-11-24,2024-11-24,2024-12-12,598.53,440.83,1010.71,851.37,TIME_EXIT,42.04,42.39,47.75,26.35,68.87,2.61
sideways_down 2024-10..2025-01,SWING,NSE:AFFLE,Unknown,SMC_SWING_SCORE_100_HIGH_CONVICTION_BULLISH_BOS,BOS_continuation,2024-12-03,2024-12-03,2024-12-03,1780.89,1477.75,1814.43,1813.52,TARGET_HIT,1.63,1.93,94.05,17.02,1.88,0.11
sideways_down 2024-10..2025-01,SWING,NSE:AGI,Unknown,SMC_SWING_SCORE_100_HIGH_CONVICTION_BULLISH_BOS,BOS_continuation,2024-12-03,2024-12-03,2024-12-03,1057.6,862.0,1094.16,1093.61,TARGET_HIT,3.21,3.51,89.74,18.49,3.46,0.19
sideways_down 2024-10..2025-01,SWING,NSE:63MOONS,Unknown,SMC_SWING_SCORE_100_HIGH_CONVICTION_BULLISH_BOS,BOS_continuation,2024-12-03,2024-12-03,2024-12-03,709.44,539.9,708.9,708.55,TARGET_HIT,-0.33,-0.03,84.55,23.9,0.08,0.0
sideways_down 2024-10..2025-01,SWING,NSE:AGARIND,Unknown,SMC_SWING_SCORE_100_HIGH_CONVICTION_BULLISH_BOS,BOS_continuation,2024-12-03,2024-12-03,2024-12-23,1219.16,953.93,1472.73,1291.19,TIME_EXIT,5.71,6.01,79.56,21.76,20.8,0.96
sideways_down 2024-10..2025-01,SWING,NSE:AEROFLEX,Unknown,SMC_SWING_SCORE_100_HIGH_CONVICTION_BULLISH_BOS,BOS_continuation,2024-12-03,2024-12-03,2024-12-23,223.79,170.79,234.43,205.07,TIME_EXIT,-8.56,-8.27,72.24,23.68,4.75,0.2
sideways_down 2024-10..2025-01,SWING,NSE:ALEMBICLTD,Unknown,SMC_SWING_SCORE_100_HIGH_CONVICTION_BULLISH_BOS,BOS_continuation,2024-12-12,2024-12-12,2025-01-02,144.85,118.92,160.64,133.29,TIME_EXIT,-8.18,-7.88,67.78,17.9,10.9,0.61
sideways_down 2024-10..2025-01,SWING,NSE:63MOONS,Unknown,SMC_SWING_SCORE_100_HIGH_CONVICTION_BULLISH_BOS,BOS_continuation,2024-12-12,2024-12-12,2025-01-02,835.59,543.81,1769.41,905.33,TIME_EXIT,8.15,8.45,65.29,34.92,111.76,3.2
sideways_down 2024-10..2025-01,SWING,NSE:AGI,Unknown,SMC_SWING_SCORE_100_HIGH_CONVICTION_BULLISH_BOS,BOS_continuation,2024-12-12,2024-12-12,2024-12-12,1175.53,831.24,1144.76,1144.19,TARGET_HIT,-2.87,-2.57,56.24,29.29,2.62,0.09
sideways_down 2024-10..2025-01,SWING,NSE:AIIL,Unknown,SMC_SWING_SCORE_70_HIGH_CONVICTION_NEUTRAL,other,2024-12-12,2024-12-12,2024-12-12,377.52,294.87,365.83,365.65,TARGET_HIT,-3.34,-3.05,81.7,21.89,3.1,0.14
sideways_down 2024-10..2025-01,SWING,NSE:360ONE,Unknown,SMC_SWING_SCORE_70_HIGH_CONVICTION_NEUTRAL,other,2024-12-12,2024-12-12,2025-01-02,1178.37,978.15,1417.35,1274.68,TIME_EXIT,7.97,8.28,58.44,16.99,20.28,1.19
sideways_down 2024-10..2025-01,SWING,NSE:ABDL,Unknown,SMC_SWING_SCORE_100_HIGH_CONVICTION_BULLISH_BOS,BOS_continuation,2024-12-23,2024-12-23,2025-01-13,404.83,311.1,444.42,389.9,TIME_EXIT,-3.89,-3.59,80.71,23.15,9.78,0.42
sideways_down 2024-10..2025-01,SWING,NSE:AMBER,Unknown,SMC_SWING_SCORE_70_HIGH_CONVICTION_NEUTRAL,other,2024-12-23,2024-12-23,2024-12-23,6833.16,5615.52,7409.92,7406.22,TARGET_HIT,8.19,8.49,81.31,17.82,8.44,0.47
sideways_down 2024-10..2025-01,SWING,NSE:ANANTRAJ,Unknown,SMC_SWING_SCORE_70_HIGH_CONVICTION_NEUTRAL,other,2024-12-23,2024-12-23,2025-01-13,834.51,651.39,993.79,828.49,TIME_EXIT,-0.92,-0.62,61.0,21.94,19.09,0.87
sideways_down 2024-10..2025-01,SWING,NSE:AFFLE,Unknown,SMC_SWING_SCORE_70_HIGH_CONVICTION_NEUTRAL,other,2024-12-23,2024-12-23,2025-01-12,1797.9,1558.98,2475.06,1558.2,STOP_LOSS,-13.53,-13.25,57.2,13.29,37.66,2.83
sideways_down 2024-10..2025-01,SWING,NSE:360ONE,Unknown,SMC_SWING_SCORE_70_HIGH_CONVICTION_NEUTRAL,other,2024-12-23,2024-12-23,2025-01-13,1209.9,1058.32,1323.52,1106.98,TIME_EXIT,-8.71,-8.41,53.71,12.53,9.39,0.75
